"Sorry--,42476
New South Wales--,44574
New South Wales-Sydney--,48956
New South Wales-Sydney-Inner Sydney-,52804
New South Wales-Inner Sydney-Botany Bay (C),41567
New South Wales--Leichhardt (A),71219
New South Wales--Marrickville (A),46608
New South Wales--Sydney (C) - Inner,37182
New South Wales--Sydney (C) - East,66020
New South Wales--Sydney (C) - South,49793
New South Wales--Sydney (C) - West,53142
New South Wales-Eastern Suburbs-,74322
New South Wales-Eastern Suburbs-Randwick (C),52900
New South Wales--Waverley (A),72410
New South Wales--Woollahra (A),122507
New South Wales-St George-Sutherland-,44949
New South Wales-St George-Sutherland-Hurstville (C),40902
New South Wales--Kogarah (A),44506
New South Wales--Rockdale (C),39185
New South Wales--Sutherland Shire (A) - East,50982
New South Wales--Sutherland Shire (A) - West,46741
New South Wales-Canterbury-Bankstown-,35132
New South Wales-Canterbury-Bankstown-Bankstown (C) - North-East,31903
New South Wales--Bankstown (C) - North-West,34132
New South Wales--Bankstown (C) - South,40521
New South Wales--Canterbury (C),34460
New South Wales-Fairfield-Liverpool-,35077
New South Wales-Fairfield-Liverpool-Fairfield (C) - East,31896
New South Wales--Fairfield (C) - West,35238
New South Wales--Liverpool (C) - East,36981
New South Wales--Liverpool (C) - West,36763
New South Wales-Outer South Western Sydney-,39221
New South Wales-Outer South Western Sydney-Camden (A),42956
New South Wales--Campbelltown (C) - North,36886
New South Wales--Campbelltown (C) - South,37621
New South Wales--Wollondilly (A),41022
New South Wales-Inner Western Sydney-,48362
New South Wales-Inner Western Sydney-Ashfield (A),44186
New South Wales--Burwood (A),40783
New South Wales--Canada Bay (A) - Concord,50935
New South Wales--Canada Bay (A) - Drummoyne,61332
New South Wales--Strathfield (A),43602
New South Wales-Central Western Sydney-,36993
New South Wales-Central Western Sydney-Auburn (A),33130
New South Wales--Holroyd (C),36464
New South Wales--Parramatta (C) - Inner,36804
New South Wales--Parramatta (C) - North-East,42798
New South Wales--Parramatta (C) - North-West,41625
New South Wales--Parramatta (C) - South,32122
New South Wales-Outer Western Sydney-,40019
New South Wales-Outer Western Sydney-Blue Mountains (C),41472
New South Wales--Hawkesbury (C),40063
New South Wales--Penrith (C) - East,37860
New South Wales--Penrith (C) - West,41074
New South Wales-Blacktown-,37902
New South Wales-Blacktown-Blacktown (C) - North,41354
New South Wales--Blacktown (C) - South-East,37419
New South Wales--Blacktown (C) - South-West,34502
New South Wales-Lower Northern Sydney-,73991
New South Wales-Lower Northern Sydney-Hunters Hill (A),97330
New South Wales--Lane Cove (A),75705
New South Wales--Mosman (A),130868
New South Wales--North Sydney (A),82242
New South Wales--Ryde (C),46489
New South Wales--Willoughby (C),74231
New South Wales-Central Northern Sydney-,59547
New South Wales-Central Northern Sydney-Baulkham Hills (A) - Central,48571
New South Wales--Baulkham Hills (A) - North,52740
New South Wales--Baulkham Hills (A) - South,48824
New South Wales--Hornsby (A) - North,50573
New South Wales--Hornsby (A) - South,53378
New South Wales--Ku-ring-gai (A),84071
New South Wales-Northern Beaches-,59400
New South Wales-Northern Beaches-Manly (A),74780
New South Wales--Pittwater (A),61216
New South Wales--Warringah (A),54081
New South Wales-Central Coast-,37681
New South Wales-Central Coast-Gosford (C) - East,41207
New South Wales--Gosford (C) - West,38940
New South Wales--Wyong (A) - North-East,34224
New South Wales--Wyong (A) - South and West,35563
New South Wales-Hunter--,40026
New South Wales-Hunter-Newcastle-,39994
New South Wales-Newcastle-Cessnock (C),37884
New South Wales--Lake Macquarie (C) - East,39691
New South Wales--Lake Macquarie (C) - North,39132
New South Wales--Lake Macquarie (C) - West,38573
New South Wales--Maitland (C),41341
New South Wales--Newcastle (C) - Inner City,46398
New South Wales--Newcastle (C) - Outer West,37727
New South Wales--Newcastle (C) - Throsby,41670
New South Wales--Port Stephens (A),37195
New South Wales-Hunter SD Bal-,40194
New South Wales-Hunter SD Bal-Dungog (A),36672
New South Wales--Gloucester (A),31126
New South Wales--Great Lakes (A),32028
New South Wales--Muswellbrook (A),47899
New South Wales--Singleton (A),48704
New South Wales--Upper Hunter Shire (A),41849
New South Wales-Illawarra--,39323
New South Wales-Illawarra-Wollongong-,40564
New South Wales-Wollongong-Kiama (A),42629
New South Wales--Shellharbour (C),38259
New South Wales--Wollongong (C) - Inner,42309
New South Wales--Wollongong (C) Bal,39711
New South Wales-Nowra-Bomaderry-,33709
New South Wales-Nowra-Bomaderry-Shoalhaven (C) - Pt A,33709
New South Wales-Illawarra SD Bal-,37773
New South Wales-Illawarra SD Bal-Shoalhaven (C) - Pt B,33003
New South Wales--Wingecarribee (A),43426
New South Wales-Richmond-Tweed--,32954
New South Wales-Richmond-Tweed-Tweed Heads & Tweed Coast-,33879
New South Wales-Tweed Heads & Tweed Coast-Tweed (A) - Tweed-Heads,33966
New South Wales--Tweed (A) - Tweed Coast,33386
New South Wales-Lismore-,31539
New South Wales-Lismore-Lismore (C) - Pt A,31539
New South Wales-Richmond-Tweed SD Bal-,32863
New South Wales-Richmond-Tweed SD Bal-Ballina (A),34976
New South Wales--Byron (A),34588
New South Wales--Kyogle (A),28677
New South Wales--Lismore (C) - Pt B,31391
New South Wales--Richmond Valley (A) - Casino,29715
New South Wales--Richmond Valley (A) Bal,29282
New South Wales--Tweed (A) - Pt B,31663
New South Wales-Mid-North Coast--,31443
New South Wales-Mid-North Coast-Coffs Harbour-,32726
New South Wales-Coffs Harbour-Coffs Harbour (C) - Pt A,32726
New South Wales-Port Macquarie-,34701
New South Wales-Port Macquarie-Port Macquarie-Hastings (A) - Pt A,34701
New South Wales-Clarence (excl. Coffs Harbour)-,30218
New South Wales-Clarence (excl. Coffs Harbour)-Bellingen (A),29522
New South Wales--Clarence Valley (A) - Coast,29377
New South Wales--Clarence Valley (A) - Grafton,31391
New South Wales--Clarence Valley (A) Bal,31322
New South Wales--Coffs Harbour (C) - Pt B,31412
New South Wales--Nambucca (A),28601
New South Wales-Hastings (excl. Port Macquarie)-,30513
New South Wales-Hastings (excl. Port Macquarie)-Greater Taree (C),31140
New South Wales--Kempsey (A),29511
New South Wales--Port Macquarie-Hastings (A) - Pt B,30294
New South Wales--Lord Howe Island,38632
New South Wales-Northern--,33568
New South Wales-Northern-Tamworth-,35374
New South Wales-Tamworth-Tamworth Regional (A) - Pt A,35374
New South Wales-Northern Slopes (excl. Tamworth)-,31705
New South Wales-Northern Slopes (excl. Tamworth)-Gunnedah (A),33981
New South Wales--Gwydir (A),26854
New South Wales--Inverell (A) - Pt A,29519
New South Wales--Liverpool Plains (A),33672
New South Wales--Tamworth Regional (A) - Pt B,31030
New South Wales-Northern Tablelands-,32225
New South Wales-Northern Tablelands-Armidale Dumaresq (A) - City,36456
New South Wales--Armidale Dumaresq (A) Bal,36609
New South Wales--Glen Innes Severn (A),29168
New South Wales--Guyra (A),28299
New South Wales--Inverell (A) - Pt B,31009
New South Wales--Tenterfield (A),26627
New South Wales--Uralla (A),31363
New South Wales--Walcha (A),30244
New South Wales-North Central Plain-,36306
New South Wales-North Central Plain-Moree Plains (A),37412
New South Wales--Narrabri (A),35180
New South Wales-North Western--,33859
New South Wales-North Western-Dubbo-,37118
New South Wales-Dubbo-Dubbo (C) - Pt A,37118
New South Wales-Central Macquarie (excl. Dubbo)-,31808
New South Wales-Central Macquarie (excl. Dubbo)-Dubbo (C) - Pt B,34731
New South Wales--Gilgandra (A),29675
New South Wales--Mid-Western Regional (A) - Pt A,34429
New South Wales--Narromine (A),30088
New South Wales--Warrumbungle Shire (A),29599
New South Wales--Wellington (A),29547
New South Wales-Macquarie-Barwon-,30740
New South Wales-Macquarie-Barwon-Bogan (A),31409
New South Wales--Coonamble (A),31526
New South Wales--Walgett (A),29327
New South Wales--Warren (A),31802
New South Wales-Upper Darling-,37317
New South Wales-Upper Darling-Bourke (A),32249
New South Wales--Brewarrina (A),30207
New South Wales--Cobar (A),42138
New South Wales-Central West--,35456
New South Wales-Central West-Bathurst-,38372
New South Wales-Bathurst-Bathurst Regional (A) - Pt A,38372
New South Wales-Central Tablelands (excl. Bathurst & Orange)-,36362
New South Wales-Central Tablelands (excl. Bathurst & Orange)-Bathurst Regional (A) - Pt B,38130
New South Wales--Blayney (A),33215
New South Wales--Cabonne (A),33124
New South Wales--Lithgow (C),39583
New South Wales--Mid-Western Regional (A) - Pt B,34899
New South Wales--Oberon (A),36273
New South Wales-Lachlan-,29887
New South Wales-Lachlan-Bland (A),28273
New South Wales--Cowra (A),30417
New South Wales--Forbes (A),31142
New South Wales--Lachlan (A),26729
New South Wales--Parkes (A),31807
New South Wales--Weddin (A),25802
New South Wales-Orange-,39456
New South Wales-Orange-Orange (C),39456
New South Wales-South Eastern--,37429
New South Wales-South Eastern-Queanbeyan-,47977
New South Wales-Queanbeyan-Palerang (A) - Pt A,48181
New South Wales--Queanbeyan (C),47928
New South Wales-Southern Tablelands (excl. Queanbeyan)-,35481
New South Wales-Southern Tablelands (excl. Queanbeyan)-Boorowa (A),28502
New South Wales--Goulburn Mulwaree (A) - Goulburn,36617
New South Wales--Goulburn Mulwaree (A) Bal,36416
New South Wales--Harden (A),30871
New South Wales--Palerang (A) - Pt B,33871
New South Wales--Upper Lachlan Shire (A),31392
New South Wales--Yass Valley (A),42074
New South Wales--Young (A),30208
New South Wales-Lower South Coast-,31962
New South Wales-Lower South Coast-Bega Valley (A),32700
New South Wales--Eurobodalla (A),31278
New South Wales-Snowy-,35640
New South Wales-Snowy-Bombala (A),32502
New South Wales--Cooma-Monaro (A),36389
New South Wales--Snowy River (A),35636
New South Wales-Murrumbidgee--,35020
New South Wales-Murrumbidgee-Wagga Wagga-,38187
New South Wales-Wagga Wagga-Wagga Wagga (C) - Pt A,38187
New South Wales-Central Murrumbidgee (excl. Wagga Wagga)-,31807
New South Wales-Central Murrumbidgee (excl. Wagga Wagga)-Coolamon (A),27754
New South Wales--Cootamundra (A),32818
New South Wales--Gundagai (A),30437
New South Wales--Junee (A),32827
New South Wales--Lockhart (A),30342
New South Wales--Narrandera (A),29456
New South Wales--Temora (A),27824
New South Wales--Tumut Shire (A),35114
New South Wales--Wagga Wagga (C) - Pt B,34368
New South Wales-Lower Murrumbidgee-,34736
New South Wales-Lower Murrumbidgee-Carrathool (A),29591
New South Wales--Griffith (C),36648
New South Wales--Hay (A),30895
New South Wales--Leeton (A),33214
New South Wales--Murrumbidgee (A),32760
New South Wales-Murray--,34568
New South Wales-Murray-Albury-,38362
New South Wales-Albury-Albury (C),38784
New South Wales--Greater Hume Shire (A) - Pt A,32600
New South Wales-Upper Murray (excl. Albury)-,32177
New South Wales-Upper Murray (excl. Albury)-Corowa Shire (A),33314
New South Wales--Greater Hume Shire (A) - Pt B,30550
New South Wales--Tumbarumba (A),32325
New South Wales--Urana (A),29466
New South Wales-Central Murray-,30780
New South Wales-Central Murray-Berrigan (A),30249
New South Wales--Conargo (A),31170
New South Wales--Deniliquin (A),31191
New South Wales--Jerilderie (A),31090
New South Wales--Murray (A),31788
New South Wales--Wakool (A),29322
New South Wales-Murray-Darling-,31139
New South Wales-Murray-Darling-Balranald (A),30266
New South Wales--Wentworth (A),31434
New South Wales-Far West--,35899
New South Wales-Far West-Far West-,35899
New South Wales-Far West-Broken Hill (C),36093
New South Wales--Central Darling (A),33889
New South Wales--Unincorp. Far West,35743
New South Wales-Albury (C)--,38784
New South Wales-Armidale Dumaresq (A)--,36481
New South Wales-Ashfield (A)--,44186
New South Wales-Auburn (A)--,33130
New South Wales-Ballina (A)--,34976
New South Wales-Balranald (A)--,30266
New South Wales-Bankstown (C)--,35664
New South Wales-Bathurst Regional (A)--,38337
New South Wales-Baulkham Hills (A)--,49911
New South Wales-Bega Valley (A)--,32700
New South Wales-Bellingen (A)--,29522
New South Wales-Berrigan (A)--,30249
New South Wales-Blacktown (C)--,37902
New South Wales-Bland (A)--,28273
New South Wales-Blayney (A)--,33215
New South Wales-Blue Mountains (C)--,41472
New South Wales-Bogan (A)--,31409
New South Wales-Bombala (A)--,32502
New South Wales-Boorowa (A)--,28502
New South Wales-Botany Bay (C)--,41567
New South Wales-Bourke (A)--,32249
New South Wales-Brewarrina (A)--,30207
New South Wales-Broken Hill (C)--,36093
New South Wales-Burwood (A)--,40783
New South Wales-Byron (A)--,34588
New South Wales-Cabonne (A)--,33124
New South Wales-Camden (A)--,42956
New South Wales-Campbelltown (C)--,37246
New South Wales-Canada Bay (A)--,56357
New South Wales-Canterbury (C)--,34460
New South Wales-Carrathool (A)--,29591
New South Wales-Central Darling (A)--,33889
New South Wales-Cessnock (C)--,37884
New South Wales-Clarence Valley (A)--,30533
New South Wales-Cobar (A)--,42138
New South Wales-Coffs Harbour (C)--,32381
New South Wales-Conargo (A)--,31170
New South Wales-Coolamon (A)--,27754
New South Wales-Cooma-Monaro (A)--,36389
New South Wales-Coonamble (A)--,31526
New South Wales-Cootamundra (A)--,32818
New South Wales-Corowa Shire (A)--,33314
New South Wales-Cowra (A)--,30417
New South Wales-Deniliquin (A)--,31191
New South Wales-Dubbo (C)--,36893
New South Wales-Dungog (A)--,36672
New South Wales-Eurobodalla (A)--,31278
New South Wales-Fairfield (C)--,33306
New South Wales-Forbes (A)--,31142
New South Wales-Gilgandra (A)--,29675
New South Wales-Glen Innes Severn (A)--,29168
New South Wales-Gloucester (A)--,31126
New South Wales-Gosford (C)--,39905
New South Wales-Goulburn Mulwaree (A)--,36570
New South Wales-Greater Taree (C)--,31140
New South Wales-Greater Hume Shire (A)--,31302
New South Wales-Great Lakes (A)--,32028
New South Wales-Griffith (C)--,36648
New South Wales-Gundagai (A)--,30437
New South Wales-Gunnedah (A)--,33981
New South Wales-Guyra (A)--,28299
New South Wales-Gwydir (A)--,26854
New South Wales-Harden (A)--,30871
New South Wales-Hawkesbury (C)--,40063
New South Wales-Hay (A)--,30895
New South Wales-Holroyd (C)--,36464
New South Wales-Hornsby (A)--,52199
New South Wales-Hunters Hill (A)--,97330
New South Wales-Hurstville (C)--,40902
New South Wales-Inverell (A)--,30546
New South Wales-Jerilderie (A)--,31090
New South Wales-Junee (A)--,32827
New South Wales-Kempsey (A)--,29511
New South Wales-Kiama (A)--,42629
New South Wales-Kogarah (A)--,44506
New South Wales-Ku-ring-gai (A)--,84071
New South Wales-Kyogle (A)--,28677
New South Wales-Lachlan (A)--,26729
New South Wales-Lake Macquarie (C)--,39165
New South Wales-Lane Cove (A)--,75705
New South Wales-Leeton (A)--,33214
New South Wales-Leichhardt (A)--,71219
New South Wales-Lismore (C)--,31497
New South Wales-Lithgow (C)--,39583
New South Wales-Liverpool (C)--,36890
New South Wales-Liverpool Plains (A)--,33672
New South Wales-Lockhart (A)--,30342
New South Wales-Maitland (C)--,41341
New South Wales-Manly (A)--,74780
New South Wales-Marrickville (A)--,46608
New South Wales-Mid-Western Regional (A)--,34508
New South Wales-Moree Plains (A)--,37412
New South Wales-Mosman (A)--,130868
New South Wales-Murray (A)--,31788
New South Wales-Murrumbidgee (A)--,32760
New South Wales-Muswellbrook (A)--,47899
New South Wales-Nambucca (A)--,28601
New South Wales-Narrabri (A)--,35180
New South Wales-Narrandera (A)--,29456
New South Wales-Narromine (A)--,30088
New South Wales-Newcastle (C)--,42201
New South Wales-North Sydney (A)--,82242
New South Wales-Oberon (A)--,36273
New South Wales-Orange (C)--,39456
New South Wales-Palerang (A)--,44597
New South Wales-Parkes (A)--,31807
New South Wales-Parramatta (C)--,38804
New South Wales-Penrith (C)--,39343
New South Wales-Pittwater (A)--,61216
New South Wales-Port Macquarie-Hastings (A)--,32883
New South Wales-Port Stephens (A)--,37195
New South Wales-Queanbeyan (C)--,47928
New South Wales-Randwick (C)--,52900
New South Wales-Richmond Valley (A)--,29495
New South Wales-Rockdale (C)--,39185
New South Wales-Ryde (C)--,46489
New South Wales-Shellharbour (C)--,38259
New South Wales-Shoalhaven (C)--,33258
New South Wales-Singleton (A)--,48704
New South Wales-Snowy River (A)--,35636
New South Wales-Strathfield (A)--,43602
New South Wales-Sutherland Shire (A)--,48776
New South Wales-Sydney (C)--,52043
New South Wales-Tamworth Regional (A)--,34565
New South Wales-Temora (A)--,27824
New South Wales-Tenterfield (A)--,26627
New South Wales-Tumbarumba (A)--,32325
New South Wales-Tumut Shire (A)--,35114
New South Wales-Tweed (A)--,33324
New South Wales-Upper Hunter Shire (A)--,41849
New South Wales-Upper Lachlan Shire (A)--,31392
New South Wales-Uralla (A)--,31363
New South Wales-Urana (A)--,29466
New South Wales-Wagga Wagga (C)--,37907
New South Wales-Wakool (A)--,29322
New South Wales-Walcha (A)--,30244
New South Wales-Walgett (A)--,29327
New South Wales-Warren (A)--,31802
New South Wales-Warringah (A)--,54081
New South Wales-Warrumbungle Shire (A)--,29599
New South Wales-Waverley (A)--,72410
New South Wales-Weddin (A)--,25802
New South Wales-Wellington (A)--,29547
New South Wales-Wentworth (A)--,31434
New South Wales-Willoughby (C)--,74231
New South Wales-Wingecarribee (A)--,43426
New South Wales-Wollondilly (A)--,41022
New South Wales-Wollongong (C)--,41063
New South Wales-Woollahra (A)--,122507
New South Wales-Wyong (A)--,34910
New South Wales-Yass Valley (A)--,42074
New South Wales-Young (A)--,30208
New South Wales-Unincorporated NSW--,37049
Victoria--,41793
Victoria-Melbourne--,44435
Victoria-Melbourne-Inner Melbourne-,62063
Victoria-Inner Melbourne-Melbourne (C) - Inner,52883
Victoria--Melbourne (C) - S'bank-D'lands,60703
Victoria--Melbourne (C) - Remainder,53038
Victoria--Port Phillip (C) - St Kilda,55417
Victoria--Port Phillip (C) - West,72872
Victoria--Stonnington (C) - Prahran,85890
Victoria--Yarra (C) - North,52325
Victoria--Yarra (C) - Richmond,53295
Victoria-Western Melbourne-,39804
Victoria-Western Melbourne-Brimbank (C) - Keilor,36288
Victoria--Brimbank (C) - Sunshine,33738
Victoria--Hobsons Bay (C) - Altona,38254
Victoria--Hobsons Bay (C) - Williamstown,51015
Victoria--Maribyrnong (C),38599
Victoria--Moonee Valley (C) - Essendon,48210
Victoria--Moonee Valley (C) - West,39575
Victoria-Melton-Wyndham-,38362
Victoria-Melton-Wyndham-Melton (S) - East,36902
Victoria--Melton (S) Bal,35753
Victoria--Wyndham (C) - North,39182
Victoria--Wyndham (C) - South,41244
Victoria--Wyndham (C) - West,40228
Victoria-Moreland City-,38002
Victoria-Moreland City-Moreland (C) - Brunswick,40553
Victoria--Moreland (C) - Coburg,38482
Victoria--Moreland (C) - North,34720
Victoria-Northern Middle Melbourne-,41463
Victoria-Northern Middle Melbourne-Banyule (C) - Heidelberg,48232
Victoria--Banyule (C) - North,40350
Victoria--Darebin (C) - Northcote,43884
Victoria--Darebin (C) - Preston,34988
Victoria-Hume City-,35925
Victoria-Hume City-Hume (C) - Broadmeadows,32151
Victoria--Hume (C) - Craigieburn,37136
Victoria--Hume (C) - Sunbury,39430
Victoria-Northern Outer Melbourne-,39119
Victoria-Northern Outer Melbourne-Nillumbik (S) - South,48539
Victoria--Nillumbik (S) - South-West,43958
Victoria--Nillumbik (S) Bal,45290
Victoria--Whittlesea (C) - North,39162
Victoria--Whittlesea (C) - South-East,35656
Victoria--Whittlesea (C) - South-West,32307
Victoria-Boroondara City-,67926
Victoria-Boroondara City-Boroondara (C) - Camberwell N.,62517
Victoria--Boroondara (C) - Camberwell S.,66321
Victoria--Boroondara (C) - Hawthorn,71548
Victoria--Boroondara (C) - Kew,74434
Victoria-Eastern Middle Melbourne-,43857
Victoria-Eastern Middle Melbourne-Manningham (C) - East,61437
Victoria--Manningham (C) - West,46141
Victoria--Monash (C) - South-West,36117
Victoria--Monash (C) - Waverley East,41979
Victoria--Monash (C) - Waverley West,43824
Victoria--Whitehorse (C) - Box Hill,46357
Victoria--Whitehorse (C) - Nunawading E.,41889
Victoria--Whitehorse (C) - Nunawading W.,41705
Victoria-Eastern Outer Melbourne-,39184
Victoria-Eastern Outer Melbourne-Knox (C) - North-East,37644
Victoria--Knox (C) - North-West,38972
Victoria--Knox (C) - South,40576
Victoria--Maroondah (C) - Croydon,38628
Victoria--Maroondah (C) - Ringwood,41099
Victoria-Yarra Ranges Shire Part A-,37799
Victoria-Yarra Ranges Shire Part A-Yarra Ranges (S) - Central,33586
Victoria--Yarra Ranges (S) - Dandenongs,39825
Victoria--Yarra Ranges (S) - Lilydale,38106
Victoria--Yarra Ranges (S) - North,37630
Victoria--Yarra Ranges (S) - Seville,36522
Victoria-Southern Melbourne-,54739
Victoria-Southern Melbourne-Bayside (C) - Brighton,87050
Victoria--Bayside (C) - South,59421
Victoria--Glen Eira (C) - Caulfield,51689
Victoria--Glen Eira (C) - South,43896
Victoria--Kingston (C) - North,40135
Victoria--Kingston (C) - South,41772
Victoria--Stonnington (C) - Malvern,77898
Victoria-Greater Dandenong City-,32564
Victoria-Greater Dandenong City-Gr. Dandenong (C) - Dandenong,31987
Victoria--Gr. Dandenong (C) Bal,32994
Victoria-South Eastern Outer Melbourne-,37477
Victoria-South Eastern Outer Melbourne-Cardinia (S) - North,38400
Victoria--Cardinia (S) - Pakenham,37804
Victoria--Cardinia (S) - South,32040
Victoria--Casey (C) - Berwick,40067
Victoria--Casey (C) - Cranbourne,35001
Victoria--Casey (C) - Hallam,35755
Victoria--Casey (C) - South,38006
Victoria-Frankston City-,36112
Victoria-Frankston City-Frankston (C) - East,36451
Victoria--Frankston (C) - West,35902
Victoria-Mornington Peninsula Shire-,41054
Victoria-Mornington Peninsula Shire-Mornington P'sula (S) - East,37810
Victoria--Mornington P'sula (S) - South,38133
Victoria--Mornington P'sula (S) - West,45544
Victoria-Barwon--,37624
Victoria-Barwon-Greater Geelong City Part A-,38214
Victoria-Greater Geelong City Part A-Bellarine - Inner,35500
Victoria--Corio - Inner,35831
Victoria--Geelong,42196
Victoria--Geelong West,38455
Victoria--Newtown,50631
Victoria--South Barwon - Inner,37907
Victoria-East Barwon-,38416
Victoria-East Barwon-Greater Geelong (C) - Pt B,37742
Victoria--Queenscliffe (B),41609
Victoria--Surf Coast (S) - East,40680
Victoria--Surf Coast (S) - West,36024
Victoria-West Barwon-,34114
Victoria-West Barwon-Colac-Otway (S) - Colac,33127
Victoria--Colac-Otway (S) - North,32605
Victoria--Colac-Otway (S) - South,31574
Victoria--Golden Plains (S) - North-West,31984
Victoria--Golden Plains (S) - South-East,37083
Victoria--Greater Geelong (C) - Pt C,40493
Victoria-Western District--,33643
Victoria-Western District-Warrnambool City-,34690
Victoria-Warrnambool City-Warrnambool (C),34690
Victoria-Hopkins-,31817
Victoria-Hopkins-Corangamite (S) - North,30790
Victoria--Corangamite (S) - South,32199
Victoria--Moyne (S) - North-East,29293
Victoria--Moyne (S) - North-West,30253
Victoria--Moyne (S) - South,33453
Victoria-Glenelg-,34301
Victoria-Glenelg-Glenelg (S) - Heywood,35737
Victoria--Glenelg (S) - North,28746
Victoria--Glenelg (S) - Portland,38149
Victoria--S. Grampians (S) - Hamilton,34187
Victoria--S. Grampians (S) - Wannon,27962
Victoria--S. Grampians (S) Bal,31591
Victoria-Central Highlands--,34820
Victoria-Central Highlands-Ballarat City-,35713
Victoria-Ballarat City-Ballarat (C) - Central,37168
Victoria--Ballarat (C) - Inner North,35047
Victoria--Ballarat (C) - North,34693
Victoria--Ballarat (C) - South,34478
Victoria-East Central Highlands-,34903
Victoria-East Central Highlands-Hepburn (S) - East,31916
Victoria--Hepburn (S) - West,31805
Victoria--Moorabool (S) - Bacchus Marsh,37318
Victoria--Moorabool (S) - Ballan,35530
Victoria--Moorabool (S) - West,34753
Victoria-West Central Highlands-,30031
Victoria-West Central Highlands-Ararat (RC),31053
Victoria--Pyrenees (S) - North,28099
Victoria--Pyrenees (S) - South,28237
Victoria-Wimmera--,29949
Victoria-Wimmera-South Wimmera-,30768
Victoria-South Wimmera-Horsham (RC) - Central,33084
Victoria--Horsham (RC) Bal,29625
Victoria--N. Grampians (S) - St Arnaud,27869
Victoria--N. Grampians (S) - Stawell,31612
Victoria--West Wimmera (S),25909
Victoria-North Wimmera-,27723
Victoria-North Wimmera-Hindmarsh (S),27505
Victoria--Yarriambiack (S) - North,27389
Victoria--Yarriambiack (S) - South,28089
Victoria-Mallee--,31174
Victoria-Mallee-Mildura Rural City Part A-,32432
Victoria-Mildura Rural City Part A-Mildura (RC) - Pt A,32432
Victoria-West Mallee-,26914
Victoria-West Mallee-Buloke (S) - North,26446
Victoria--Buloke (S) - South,25879
Victoria--Mildura (RC) - Pt B,28130
Victoria-East Mallee-,30889
Victoria-East Mallee-Gannawarra (S),29472
Victoria--Swan Hill (RC) - Central,33053
Victoria--Swan Hill (RC) - Robinvale,30403
Victoria--Swan Hill (RC) Bal,30163
Victoria-Loddon--,35178
Victoria-Loddon-Greater Bendigo City Part A-,34345
Victoria-Greater Bendigo City Part A-Gr. Bendigo (C) - Central,34687
Victoria--Gr. Bendigo (C) - Eaglehawk,30225
Victoria--Gr. Bendigo (C) - Inner East,35542
Victoria--Gr. Bendigo (C) - Inner North,35149
Victoria--Gr. Bendigo (C) - Inner West,33070
Victoria--Gr. Bendigo (C) - S'saye,35821
Victoria-North Loddon-,30670
Victoria-North Loddon-C. Goldfields (S) - M'borough,28946
Victoria--C. Goldfields (S) Bal,27586
Victoria--Gr. Bendigo (C) - Pt B,32662
Victoria--Loddon (S) - North,26198
Victoria--Loddon (S) - South,28005
Victoria--Mount Alexander (S) - C'maine,33570
Victoria--Mount Alexander (S) Bal,31417
Victoria-South Loddon-,41918
Victoria-South Loddon-Macedon Ranges (S) - Kyneton,36718
Victoria--Macedon Ranges (S) - Romsey,39266
Victoria--Macedon Ranges (S) Bal,45632
Victoria-Goulburn--,32491
Victoria-Goulburn-Greater Shepparton City Part A-,33323
Victoria-Greater Shepparton City Part A-Gr. Shepparton (C) - Pt A,33323
Victoria-North Goulburn-,30884
Victoria-North Goulburn-Campaspe (S) - Echuca,33439
Victoria--Campaspe (S) - Kyabram,30459
Victoria--Campaspe (S) - Rochester,30493
Victoria--Campaspe (S) - South,28391
Victoria--Gr. Shepparton (C) - Pt B East,31235
Victoria--Gr. Shepparton (C) - Pt B West,30669
Victoria--Moira (S) - East,30645
Victoria--Moira (S) - West,30035
Victoria-South Goulburn-,31224
Victoria-South Goulburn-Benalla (RC) - Benalla,32487
Victoria--Benalla (RC) Bal,29733
Victoria--Mansfield (S),30990
Victoria--Strathbogie (S),30953
Victoria--Mount Buller Alpine Resort,29825
Victoria-South West Goulburn-,35332
Victoria-South West Goulburn-Mitchell (S) - North,34267
Victoria--Mitchell (S) - South,37456
Victoria--Murrindindi (S) - East,30562
Victoria--Murrindindi (S) - West,35087
Victoria-Ovens-Murray--,33935
Victoria-Ovens-Murray-Wodonga-,35602
Victoria-Wodonga-Indigo (S) - Pt A,35066
Victoria--Towong (S) - Pt A,34121
Victoria--Wodonga (RC),35870
Victoria-West Ovens-Murray-,33059
Victoria-West Ovens-Murray-Indigo (S) - Pt B,35810
Victoria--Wangaratta (RC) - Central,33175
Victoria--Wangaratta (RC) - North,32578
Victoria--Wangaratta (RC) - South,31195
Victoria-East Ovens-Murray-,30799
Victoria-East Ovens-Murray-Alpine (S) - East,31795
Victoria--Alpine (S) - West,31397
Victoria--Towong (S) - Pt B,28064
Victoria--Falls Creek Alpine Resort,32208
Victoria--Mount Hotham Alpine Resort,30211
Victoria-East Gippsland--,33017
Victoria-East Gippsland-East Gippsland Shire-,31324
Victoria-East Gippsland Shire-E. Gippsland (S) - Bairnsdale,31874
Victoria--E. Gippsland (S) - Orbost,29859
Victoria--E. Gippsland (S) - South-West,32407
Victoria--E. Gippsland (S) Bal,28523
Victoria-Wellington Shire-,34720
Victoria-Wellington Shire-Wellington (S) - Alberton,31471
Victoria--Wellington (S) - Avon,33618
Victoria--Wellington (S) - Maffra,33772
Victoria--Wellington (S) - Rosedale,34397
Victoria--Wellington (S) - Sale,37353
Victoria-Gippsland--,35210
Victoria-Gippsland-La Trobe Valley-,38286
Victoria-La Trobe Valley-Baw Baw (S) - Pt A,35607
Victoria--Latrobe (C) - Moe,35370
Victoria--Latrobe (C) - Morwell,36518
Victoria--Latrobe (C) - Traralgon,41522
Victoria--Latrobe (C) Bal,38473
Victoria-West Gippsland-,34916
Victoria-West Gippsland-Baw Baw (S) - Pt B East,34910
Victoria--Baw Baw (S) - Pt B West,34996
Victoria--Yarra Ranges (S) - Pt B,31117
Victoria-South Gippsland-,31380
Victoria-South Gippsland-Bass Coast (S) - Phillip Is.,32411
Victoria--Bass Coast (S) Bal,30975
Victoria--South Gippsland (S) - Central,32202
Victoria--South Gippsland (S) - East,30293
Victoria--South Gippsland (S) - West,30888
Victoria-Alpine (S)--,31645
Victoria-Ararat (RC)--,31053
Victoria-Ballarat (C)--,35713
Victoria-Banyule (C)--,44471
Victoria-Bass Coast (S)--,31436
Victoria-Baw Baw (S)--,35047
Victoria-Bayside (C)--,70899
Victoria-Benalla (RC)--,31546
Victoria-Boroondara (C)--,67926
Victoria-Brimbank (C)--,35103
Victoria-Buloke (S)--,26151
Victoria-Campaspe (S)--,31380
Victoria-Cardinia (S)--,37578
Victoria-Casey (C)--,37449
Victoria-Central Goldfields (S)--,28358
Victoria-Colac-Otway (S)--,32681
Victoria-Corangamite (S)--,31415
Victoria-Darebin (C)--,38403
Victoria-East Gippsland (S)--,31324
Victoria-Frankston (C)--,36112
Victoria-Gannawarra (S)--,29472
Victoria-Glen Eira (C)--,48824
Victoria-Glenelg (S)--,35908
Victoria-Golden Plains (S)--,34903
Victoria-Greater Bendigo (C)--,34158
Victoria-Greater Dandenong (C)--,32564
Victoria-Greater Geelong (C)--,38161
Victoria-Greater Shepparton (C)--,32760
Victoria-Hepburn (S)--,31864
Victoria-Hindmarsh (S)--,27505
Victoria-Hobsons Bay (C)--,43085
Victoria-Horsham (RC)--,32042
Victoria-Hume (C)--,35925
Victoria-Indigo (S)--,35264
Victoria-Kingston (C)--,40674
Victoria-Knox (C)--,38853
Victoria-Latrobe (C)--,38440
Victoria-Loddon (S)--,27242
Victoria-Macedon Ranges (S)--,41918
Victoria-Manningham (C)--,48239
Victoria-Mansfield (S)--,30990
Victoria-Maribyrnong (C)--,38599
Victoria-Maroondah (C)--,39679
Victoria-Melbourne (C)--,54403
Victoria-Melton (S)--,36332
Victoria-Mildura (RC)--,32058
Victoria-Mitchell (S)--,36398
Victoria-Moira (S)--,30226
Victoria-Monash (C)--,41254
Victoria-Moonee Valley (C)--,44878
Victoria-Moorabool (S)--,36555
Victoria-Moreland (C)--,38002
Victoria-Mornington Peninsula (S)--,41054
Victoria-Mount Alexander (S)--,32351
Victoria-Moyne (S)--,32235
Victoria-Murrindindi (S)--,33018
Victoria-Nillumbik (S)--,46284
Victoria-Northern Grampians (S)--,30622
Victoria-Port Phillip (C)--,62779
Victoria-Pyrenees (S)--,28175
Victoria-Queenscliffe (B)--,41609
Victoria-South Gippsland (S)--,31368
Victoria-Southern Grampians (S)--,32479
Victoria-Stonnington (C)--,82044
Victoria-Strathbogie (S)--,30953
Victoria-Surf Coast (S)--,38919
Victoria-Swan Hill (RC)--,31656
Victoria-Towong (S)--,30275
Victoria-Wangaratta (RC)--,32659
Victoria-Warrnambool (C)--,34690
Victoria-Wellington (S)--,34720
Victoria-West Wimmera (S)--,25909
Victoria-Whitehorse (C)--,43373
Victoria-Whittlesea (C)--,35089
Victoria-Wodonga (RC)--,35870
Victoria-Wyndham (C)--,39710
Victoria-Yarra (C)--,52677
Victoria-Yarra Ranges (S)--,37774
Victoria-Yarriambiack (S)--,27888
Victoria-Unincorporated Vic--,29203
Queensland--,40143
Queensland-Brisbane--,42496
Queensland-Brisbane-Inner Brisbane-,52877
Queensland-Inner Brisbane-Bowen Hills,52642
Queensland--City - Inner,49041
Queensland--City - Remainder,49097
Queensland--Dutton Park,40390
Queensland--Fortitude Valley,53176
Queensland--Herston,53491
Queensland--Highgate Hill,49045
Queensland--Kangaroo Point,56439
Queensland--Kelvin Grove,48302
Queensland--Milton,58607
Queensland--New Farm,62346
Queensland--Newstead,58504
Queensland--Paddington,58601
Queensland--Red Hill,48924
Queensland--South Brisbane,49391
Queensland--Spring Hill,49588
Queensland--West End,49411
Queensland--Woolloongabba,40403
Queensland-Northwest Inner Brisbane-,54349
Queensland-Northwest Inner Brisbane-Albion,55536
Queensland--Alderley,50795
Queensland--Ascot,85387
Queensland--Ashgrove,54814
Queensland--Bardon,62142
Queensland--Chelmer,57954
Queensland--Clayfield,63722
Queensland--Corinda,49301
Queensland--Enoggera,50799
Queensland--Graceville,49299
Queensland--Grange,50814
Queensland--Hamilton,85399
Queensland--Hendra,63747
Queensland--Indooroopilly,57955
Queensland--Kedron,44912
Queensland--Lutwyche,50047
Queensland--Newmarket,50810
Queensland--Nundah,43419
Queensland--St Lucia,53016
Queensland--Sherwood,49289
Queensland--Stafford,41730
Queensland--Stafford Heights,41731
Queensland--Taringa,57950
Queensland--Toowong,52710
Queensland--Wilston,50809
Queensland--Windsor,50064
Queensland--Wooloowin,50063
Queensland-Northwest Outer Brisbane-,44358
Queensland-Northwest Outer Brisbane-Anstead,47752
Queensland--Aspley,40153
Queensland--Bald Hills,38021
Queensland--Banyo,39445
Queensland--Bellbowrie,47760
Queensland--Boondall,40158
Queensland--Bracken Ridge,39461
Queensland--Bridgeman Downs,50038
Queensland--Brighton,39460
Queensland--Brookfield (incl. Brisbane Forest Park),65679
Queensland--Carseldine,40152
Queensland--Chapel Hill,65820
Queensland--Chermside,39735
Queensland--Chermside West,39726
Queensland--Darra-Sumner,34023
Queensland--Deagon,39466
Queensland--Doolandella-Forest Lake,38578
Queensland--Durack,31609
Queensland--Ellen Grove,39433
Queensland--Everton Park,41736
Queensland--Ferny Grove,42132
Queensland--Fig Tree Pocket,65794
Queensland--Geebung,40155
Queensland--Inala,31613
Queensland--Jamboree Heights,46439
Queensland--Jindalee,46447
Queensland--Karana Downs-Lake Manchester,39283
Queensland--Kenmore,65809
Queensland--Kenmore Hills,65826
Queensland--Keperra,39268
Queensland--McDowall,41736
Queensland--Middle Park,46445
Queensland--Mitchelton,41734
Queensland--Moggill,47744
Queensland--Mount Ommaney,46438
Queensland--Northgate,43579
Queensland--Nudgee,39439
Queensland--Oxley,49286
Queensland--Pinjarra Hills,65911
Queensland--Pinkenba-Eagle Farm,46385
Queensland--Pullenvale,65808
Queensland--Richlands,31575
Queensland--Riverhills,46455
Queensland--Sandgate,39460
Queensland--Seventeen Mile Rocks,50248
Queensland--Taigum-Fitzgibbon,37419
Queensland--The Gap,50885
Queensland--Upper Kedron,42128
Queensland--Virginia,39421
Queensland--Wacol,39753
Queensland--Wavell Heights,43415
Queensland--Westlake,46443
Queensland--Zillmere,40153
Queensland-Southeast Inner Brisbane-,48502
Queensland-Southeast Inner Brisbane-Annerley,41508
Queensland--Balmoral,59798
Queensland--Bulimba,59779
Queensland--Camp Hill,47575
Queensland--Cannon Hill,46486
Queensland--Carindale,47575
Queensland--Carina,47573
Queensland--Carina Heights,47563
Queensland--Coorparoo,50056
Queensland--East Brisbane,55485
Queensland--Fairfield,41485
Queensland--Greenslopes,43224
Queensland--Hawthorne,59784
Queensland--Holland Park,47864
Queensland--Holland Park West,47858
Queensland--Moorooka,43543
Queensland--Morningside,48266
Queensland--Norman Park,48273
Queensland--Tarragindi,47853
Queensland--Yeerongpilly,42900
Queensland--Yeronga,54661
Queensland-Southeast Outer Brisbane-,39774
Queensland-Southeast Outer Brisbane-Acacia Ridge,34210
Queensland--Algester,41265
Queensland--Archerfield,34341
Queensland--Belmont-Mackenzie,50872
Queensland--Burbank,56337
Queensland--Calamvale,39484
Queensland--Chandler-Capalaba West,61539
Queensland--Coopers Plains,34433
Queensland--Eight Mile Plains,36599
Queensland--Gumdale-Ransome,48122
Queensland--Hemmant-Lytton,38787
Queensland--Kuraby,39482
Queensland--Lota,44927
Queensland--MacGregor,36074
Queensland--Manly,44930
Queensland--Manly West,44923
Queensland--Mansfield,41013
Queensland--Moreton Island,36253
Queensland--Mount Gravatt,39476
Queensland--Mount Gravatt East,39481
Queensland--Murarrie,41403
Queensland--Nathan,33867
Queensland--Pallara-Heathwood-Larapinta,37395
Queensland--Parkinson-Drewvale,41012
Queensland--Robertson,36075
Queensland--Rochedale,39690
Queensland--Rocklea,39790
Queensland--Runcorn,36598
Queensland--Salisbury,36362
Queensland--Stretton-Karawatha,39429
Queensland--Sunnybank,36072
Queensland--Sunnybank Hills,36077
Queensland--Tingalpa,40228
Queensland--Upper Mount Gravatt,39487
Queensland--Wakerley,48122
Queensland--Willawong,34366
Queensland--Wishart,39482
Queensland--Wynnum,40594
Queensland--Wynnum West,40599
Queensland-Caboolture-,33837
Queensland-Caboolture-Bribie Island,33118
Queensland--Burpengary-Narangba,36823
Queensland--Caboolture Central,32090
Queensland--Caboolture East,33645
Queensland--Caboolture Hinterland,32599
Queensland--Caboolture Midwest,34546
Queensland--Deception Bay,32327
Queensland--Morayfield,33598
Queensland-Ipswich City-,35907
Queensland-Ipswich City-Ipswich (C) - Central,35721
Queensland--Ipswich (C) - East,35467
Queensland--Ipswich (C) - North,39124
Queensland--Ipswich (C) - South-West,36848
Queensland--Ipswich (C) - West,36937
Queensland-Logan City-,35555
Queensland-Logan City-Beenleigh,35574
Queensland--Bethania-Waterford,33174
Queensland--Browns Plains,35771
Queensland--Carbrook-Cornubia,40600
Queensland--Daisy Hill-Priestdale,38267
Queensland--Eagleby,35576
Queensland--Edens Landing-Holmview,35577
Queensland--Greenbank-Boronia Heights,36075
Queensland--Jimboomba-Logan Village,35662
Queensland--Kingston,29437
Queensland--Loganholme,38424
Queensland--Loganlea,32893
Queensland--Marsden,31259
Queensland--Mt Warren Park,35582
Queensland--Park Ridge-Logan Reserve,34947
Queensland--Rochedale South,39676
Queensland--Shailer Park,39396
Queensland--Slacks Creek,38267
Queensland--Springwood,38257
Queensland--Tanah Merah,39375
Queensland--Underwood,37488
Queensland--Waterford West,33720
Queensland--Wolffdene-Bahrs Scrub,35579
Queensland--Woodridge,29492
Queensland-Pine Rivers-,41580
Queensland-Pine Rivers-Albany Creek,50033
Queensland--Bray Park,38430
Queensland--Central Pine West,41144
Queensland--Dakabin-Kallangur-M. Downs,37731
Queensland--Griffin-Mango Hill,41020
Queensland--Hills District,41113
Queensland--Lawnton,35582
Queensland--Petrie,37770
Queensland--Strathpine-Brendale,38432
Queensland--Moreton Bay (R) Bal,47103
Queensland-Redcliffe-,36441
Queensland-Redcliffe-Clontarf,35450
Queensland--Margate-Woody Point,35442
Queensland--Redcliffe-Scarborough,38681
Queensland--Rothwell-Kippa-Ring,34491
Queensland-Redland City-,41059
Queensland-Redland City-Alexandra Hills,37021
Queensland--Birkdale,40819
Queensland--Capalaba,38261
Queensland--Cleveland,50939
Queensland--Ormiston,44899
Queensland--Redland Bay,39605
Queensland--Sheldon-Mt Cotton,39130
Queensland--Thorneside,39679
Queensland--Thornlands,41932
Queensland--Victoria Point,39605
Queensland--Wellington Point,44902
Queensland--Redland (C) Bal,32337
Queensland-Gold Coast--,39100
Queensland-Gold Coast-Gold Coast East-,40792
Queensland-Gold Coast East-Biggera Waters-Labrador,38158
Queensland--Bilinga-Tugun,36256
Queensland--Broadbeach-Mermaid Beach,45532
Queensland--Broadbeach Waters,45526
Queensland--Bundall,49091
Queensland--Burleigh Heads,36455
Queensland--Burleigh Waters,36690
Queensland--Coolangatta,34750
Queensland--Currumbin,37466
Queensland--Main Beach-South Stradbroke,49495
Queensland--Mermaid Wtrs-Clear Is. Wtrs,43529
Queensland--Miami,36686
Queensland--Palm Beach,36027
Queensland--Paradise Point-Runaway Bay,43441
Queensland--Southport,36183
Queensland--Surfers Paradise,48999
Queensland-Gold Coast West-,37969
Queensland-Gold Coast West-Ashmore-Benowa,41547
Queensland--Carrara-Merrimac,36106
Queensland--Coombabah,43440
Queensland--Currumbin Valley-Tallebudgera,37458
Queensland--Currumbin Waters,37461
Queensland--Elanora,36038
Queensland--Helensvale,46891
Queensland--Hope Island,46890
Queensland--Jacobs Well-Alberton,37590
Queensland--Kingsholme-Upper Coomera,37767
Queensland--Molendinar,35987
Queensland--Mudgeeraba-Reedy Creek,37291
Queensland--Nerang,35154
Queensland--Oxenford-Maudsland,37232
Queensland--Pacific Pines-Gaven,35154
Queensland--Ormeau-Yatala,38431
Queensland--Parkwood-Arundel,35987
Queensland--Pimpama-Coomera,37835
Queensland--Robina,37770
Queensland--Varsity Lakes,33426
Queensland--Worongary-Tallai,37210
Queensland-Gold Coast SD Bal-,36047
Queensland-Gold Coast SD Bal-Guanaba-Springbrook,36047
Queensland-Sunshine Coast--,36088
Queensland-Sunshine Coast-Sunshine Coast-,36780
Queensland-Sunshine Coast-Buderim,39215
Queensland--Caloundra North,35218
Queensland--Caloundra South,35218
Queensland--Coolum-Mudjimba,35119
Queensland--Kawana,38799
Queensland--Maroochydore,34346
Queensland--Mooloolaba,39912
Queensland--Nambour,33203
Queensland--Noosa-Noosaville,40910
Queensland--Paynter-Petrie Creek,34612
Queensland--Sunshine-Peregian,40897
Queensland--Tewantin,32930
Queensland-Sunshine Coast SD Bal-,33801
Queensland-Sunshine Coast SD Bal-Caloundra Hinterland,33874
Queensland--Glass House Country,33060
Queensland--Maroochy Hinterland,33936
Queensland--Noosa Hinterland,34416
Queensland-West Moreton--,33209
Queensland-West Moreton-Upper West Moreton-,33090
Queensland-Upper West Moreton-Somerset (R) - Esk,33356
Queensland--Somerset (R) - Kilcoy,32230
Queensland-Lower West Moreton-,33243
Queensland-Lower West Moreton-Lockyer Valley (R) - Gatton,32516
Queensland--Lockyer Valley (R) - Laidley,31446
Queensland--Scenic Rim (R) - Beaudesert,34549
Queensland--Scenic Rim (R) - Boonah,31671
Queensland--Scenic Rim (R) - Tamborine-Canungra,36265
Queensland-Wide Bay-Burnett--,32051
Queensland-Wide Bay-Burnett-Bundaberg-,34195
Queensland-Bundaberg-Bundaberg (R) - Bundaberg,34196
Queensland--Bundaberg (R) - Burnett Pt A,34195
Queensland-Hervey Bay-,32022
Queensland-Hervey Bay-Fraser Coast (R) - Hervey Bay Pt A,32022
Queensland-Wide Bay-Burnett SD Bal-,31120
Queensland-Wide Bay-Burnett SD Bal-Bundaberg (R) - Burnett Pt B,33698
Queensland--Bundaberg (R) - Isis,30283
Queensland--Bundaberg (R) - Kolan,27644
Queensland--Cherbourg (S),28444
Queensland--Fraser Coast (R) - Hervey Bay Pt B,28854
Queensland--Fraser Coast (R) - Maryborough,32694
Queensland--Fraser Coast (R) - Woocoo-Tiaro,31884
Queensland--Gympie (R) - Cooloola,30425
Queensland--Gympie (R) - Gympie,30677
Queensland--Gympie (R) - Kilkivan,27328
Queensland--North Burnett (R) - Biggenden,26302
Queensland--North Burnett (R) - Eidsvold,28769
Queensland--North Burnett (R) - Gayndah,31402
Queensland--North Burnett (R) - Monto,26997
Queensland--North Burnett (R) - Mundubbera,26865
Queensland--North Burnett (R) - Perry,27595
Queensland--South Burnett (R) - Kingaroy,33958
Queensland--South Burnett (R) - Murgon,28502
Queensland--South Burnett (R) - Nanango,32668
Queensland--South Burnett (R) - Wondai,26692
Queensland-Darling Downs--,34104
Queensland-Darling Downs-Toowoomba-,36851
Queensland-Toowoomba-Cambooya,35214
Queensland--Gowrie,35601
Queensland--Highfields,36018
Queensland--Toowoomba Central,37092
Queensland--Toowoomba North-East,37098
Queensland--Toowoomba North-West,37100
Queensland--Toowoomba South-East,37088
Queensland--Toowoomba West,37095
Queensland--Westbrook,36824
Queensland-Darling Downs SD Bal-,30901
Queensland-Darling Downs SD Bal-Dalby (R) - Chinchilla,33370
Queensland--Dalby (R) - Dalby,34129
Queensland--Dalby (R) - Murilla-Wandoan,26542
Queensland--Dalby (R) - Tara,25409
Queensland--Dalby (R) - Wambo,30953
Queensland--Goondiwindi (R) - Goondiwindi,37423
Queensland--Goondiwindi (R) - Inglewood,29066
Queensland--Goondiwindi (R) - Waggamba,32456
Queensland--Southern Downs (R) - Allora,28098
Queensland--Southern Downs (R) - Killarney,29130
Queensland--Southern Downs (R) - Stanthorpe,28505
Queensland--Southern Downs (R) - Warwick,30411
Queensland--Southern Downs (R) - West,30000
Queensland--Clifton,26670
Queensland--Crow's Nest,30726
Queensland--Greenmount,33046
Queensland--Jondaryan,32267
Queensland--Millmerran,33384
Queensland--Pittsworth,30872
Queensland--Rosalie,30209
Queensland-South West--,32476
Queensland-South West-South West-,32476
Queensland-South West-Balonne (S),30276
Queensland--Bulloo (S),34886
Queensland--Murweh (S),32841
Queensland--Paroo (S),29127
Queensland--Quilpie (S),32162
Queensland--Roma (R) - Bendemere,25472
Queensland--Roma (R) - Booringa,27963
Queensland--Roma (R) - Bungil,34682
Queensland--Roma (R) - Roma,36116
Queensland--Roma (R) - Warroo,29578
Queensland-Fitzroy--,43338
Queensland-Fitzroy-Rockhampton-,39823
Queensland-Rockhampton-Rockhampton (R) - Fitzroy Pt A,40191
Queensland--Rockhampton (R) - Livingstone Pt A,42216
Queensland--Rockhampton (R) - Rockhampton,39648
Queensland-Gladstone-,47874
Queensland-Gladstone-Gladstone (R) - Calliope Pt A,47874
Queensland--Gladstone (R) - Gladstone,47873
Queensland-Fitzroy SD Bal-,43695
Queensland-Fitzroy SD Bal-Banana (S),42063
Queensland--Central Highlands (R) - Bauhinia,41771
Queensland--Central Highlands (R) - Duaringa,55673
Queensland--Central Highlands (R) - Emerald,49705
Queensland--Central Highlands (R) - Peak Downs,52312
Queensland--Gladstone (R) - Calliope Pt B,43836
Queensland--Gladstone (R) - Miriam Vale,31765
Queensland--Rockhampton (R) - Fitzroy Pt B,39817
Queensland--Rockhampton (R) - Livingstone Pt B,41176
Queensland--Rockhampton (R) - Mount Morgan,33088
Queensland--Woorabinda (S),27914
Queensland-Central West--,36174
Queensland-Central West-Central West-,36174
Queensland-Central West-Barcaldine (R) - Aramac,28994
Queensland--Barcaldine (R) - Barcaldine,36817
Queensland--Barcaldine (R) - Jericho,34995
Queensland--Barcoo (S),36050
Queensland--Blackall Tambo (R) - Blackall,37164
Queensland--Blackall Tambo (R) - Tambo,32096
Queensland--Boulia (S),46725
Queensland--Diamantina (S),39610
Queensland--Longreach (R) - Ilfracombe,28859
Queensland--Longreach (R) - Isisford,30998
Queensland--Longreach (R) - Longreach,36139
Queensland--Winton (S),38880
Queensland-Mackay--,45727
Queensland-Mackay-Mackay-,46755
Queensland-Mackay-Mackay (R) - Mackay Pt A,46755
Queensland-Mackay SD Bal-,44741
Queensland-Mackay SD Bal-Isaac (R) - Belyando,55847
Queensland--Isaac (R) - Broadsound,56587
Queensland--Isaac (R) - Nebo,57194
Queensland--Mackay (R) - Mackay Pt B,45102
Queensland--Mackay (R) - Mirani,43709
Queensland--Mackay (R) - Sarina,44238
Queensland--Whitsunday (R) - Bowen,38752
Queensland--Whitsunday (R) - Whitsunday,37319
Queensland-Northern--,41134
Queensland-Northern-Townsville City Part A-,42881
Queensland-Townsville City Part A-Aitkenvale,41059
Queensland--City,51488
Queensland--Cranbrook,41060
Queensland--Currajong,40438
Queensland--Douglas,39316
Queensland--Garbutt,41075
Queensland--Gulliver,40444
Queensland--Heatley,41055
Queensland--Hermit Park,40439
Queensland--Hyde Park-Mysterton,40425
Queensland--Magnetic Island,34492
Queensland--Mt Louisa-Mt St John-Bohle,41083
Queensland--Mundingburra,40435
Queensland--Murray,40556
Queensland--North Ward-Castle Hill,51498
Queensland--Oonoonba-Idalia-Cluden,39653
Queensland--Pallarenda-Shelley Beach,51495
Queensland--Pimlico,40446
Queensland--Railway Estate,51501
Queensland--Rosslea,40470
Queensland--Rowes Bay-Belgian Gardens,51483
Queensland--South Townsville,51513
Queensland--Stuart-Roseneath,39633
Queensland--Vincent,41055
Queensland--West End,51507
Queensland--Wulguru,39641
Queensland-Townsville City Part B-,40130
Queensland-Townsville City Part B-Condon-Rasmussen-Bohle Basin,39894
Queensland--Kelso,37161
Queensland--Kirwan,41128
Queensland-Northern SD Bal-,38770
Queensland-Northern SD Bal-Burdekin (S),39565
Queensland--Charters Towers (R) - Charters Towers,38774
Queensland--Charters Towers (R) - Dalrymple,38285
Queensland--Hinchinbrook (S),36701
Queensland--Palm Island (S),37439
Queensland--Northern Beaches-Pinnacles,40984
Queensland--Woodstock-Cleveland-Ross,37709
Queensland-Far North--,36892
Queensland-Far North-Cairns-,39120
Queensland-Cairns-Cairns (R) - Barron,39187
Queensland--Cairns (R) - Central Suburbs,39469
Queensland--Cairns (R) - City,39469
Queensland--Cairns (R) - Mt Whitfield,39468
Queensland--Cairns (R) - Northern Suburbs,40852
Queensland--Cairns (R) - Trinity,37827
Queensland--Cairns (R) - Western Suburbs,39041
Queensland-Far North SD Bal-,33803
Queensland-Far North SD Bal-Aurukun (S),29772
Queensland--Cairns (R) - Douglas,33986
Queensland--Cairns (R) - Pt B,33793
Queensland--Cassowary Coast (R) - Cardwell,36437
Queensland--Cassowary Coast (R) - Johnstone,33585
Queensland--Cook (S),32636
Queensland--Croydon (S),29880
Queensland--Etheridge (S),29801
Queensland--Hope Vale (S),33401
Queensland--Kowanyama (S),29772
Queensland--Lockhart River (S),29787
Queensland--Mapoon (S),52490
Queensland--Napranum (S),52249
Queensland--Northern Peninsula Area (R) - Bamaga,29875
Queensland--Northern Peninsula Area (R) - Injinoo,29791
Queensland--Northern Peninsula Area (R) - New Mapoon,29792
Queensland--Northern Peninsula Area (R) - Seisia,29826
Queensland--Northern Peninsula Area (R) - Umagico,29814
Queensland--Pormpuraaw (S),29798
Queensland--Tablelands (R) - Atherton,32934
Queensland--Tablelands (R) - Eacham,32427
Queensland--Tablelands (R) - Herberton,29274
Queensland--Tablelands (R) - Mareeba,32850
Queensland--Torres (S),33003
Queensland--Torres Strait Island (R) - Badu,33026
Queensland--Torres Strait Island (R) - Boigu,33043
Queensland--Torres Strait Island (R) - Dauan,32982
Queensland--Torres Strait Island (R) - Erub,32938
Queensland--Torres Strait Island (R) - Hammond,33086
Queensland--Torres Strait Island (R) - Iama,32944
Queensland--Torres Strait Island (R) - Kubin,32973
Queensland--Torres Strait Island (R) - Mabuiag,33043
Queensland--Torres Strait Island (R) - Mer,33140
Queensland--Torres Strait Island (R) - Poruma,33107
Queensland--Torres Strait Island (R) - Saibai,33002
Queensland--Torres Strait Island (R) - St Pauls,32740
Queensland--Torres Strait Island (R) - Warraber,32842
Queensland--Torres Strait Island (R) - Yorke,33061
Queensland--Weipa (T),52274
Queensland--Wujal Wujal (S),33243
Queensland--Yarrabah (S),29784
Queensland-North West--,46893
Queensland-North West-North West-,46893
Queensland-North West-Burke (S),32868
Queensland--Carpentaria (S),36820
Queensland--Cloncurry (S),46327
Queensland--Doomadgee (S),33026
Queensland--Flinders (S),36834
Queensland--McKinlay (S),37151
Queensland--Mornington (S),29774
Queensland--Mount Isa (C),51089
Queensland--Richmond (S),32772
Queensland-Aurukun (S)--,29772
Queensland-Balonne (S)--,30276
Queensland-Banana (S)--,42063
Queensland-Barcaldine (R)--,34536
Queensland-Barcoo (S)--,36050
Queensland-Blackall Tambo (R)--,35900
Queensland-Boulia (S)--,46725
Queensland-Brisbane (C)--,46647
Queensland-Bulloo (S)--,34886
Queensland-Bundaberg (R)--,33490
Queensland-Burdekin (S)--,39565
Queensland-Burke (S)--,32868
Queensland-Cairns (R)--,38613
Queensland-Carpentaria (S)--,36820
Queensland-Cassowary Coast (R)--,34534
Queensland-Central Highlands (R)--,50713
Queensland-Charters Towers (R)--,38626
Queensland-Cherbourg (S)--,28444
Queensland-Cloncurry (S)--,46327
Queensland-Cook (S)--,32636
Queensland-Croydon (S)--,29880
Queensland-Dalby (R)--,31190
Queensland-Diamantina (S)--,39610
Queensland-Doomadgee (S)--,33026
Queensland-Etheridge (S)--,29801
Queensland-Flinders (S)--,36834
Queensland-Fraser Coast (R)--,32071
Queensland-Gladstone (R)--,46250
Queensland-Gold Coast (C)--,39100
Queensland-Goondiwindi (R)--,34174
Queensland-Gympie (R)--,30249
Queensland-Hinchinbrook (S)--,36701
Queensland-Hope Vale (S)--,33401
Queensland-Ipswich (C)--,35907
Queensland-Isaac (R)--,56238
Queensland-Kowanyama (S)--,29772
Queensland-Lockhart River (S)--,29787
Queensland-Lockyer Valley (R)--,32023
Queensland-Logan (C)--,35555
Queensland-Longreach (R)--,35262
Queensland-Mackay (R)--,46131
Queensland-McKinlay (S)--,37151
Queensland-Mapoon (S)--,52490
Queensland-Moreton Bay (R)--,37828
Queensland-Mornington (S)--,29774
Queensland-Mount Isa (C)--,51089
Queensland-Murweh (S)--,32841
Queensland-Napranum (S)--,52249
Queensland-North Burnett (R)--,28302
Queensland-Northern Peninsula Area (R)--,29830
Queensland-Palm Island (S)--,37439
Queensland-Paroo (S)--,29127
Queensland-Pormpuraaw (S)--,29798
Queensland-Quilpie (S)--,32162
Queensland-Redland (C)--,41059
Queensland-Richmond (S)--,32772
Queensland-Rockhampton (R)--,40018
Queensland-Roma (R)--,33502
Queensland-Scenic Rim (R)--,34320
Queensland-Somerset (R)--,33090
Queensland-South Burnett (R)--,31801
Queensland-Southern Downs (R)--,29338
Queensland-Sunshine Coast (R)--,36088
Queensland-Tablelands (R)--,32436
Queensland-Toowoomba (R)--,35735
Queensland-Torres (S)--,33003
Queensland-Torres Strait Island (R)--,33000
Queensland-Townsville (C)--,41813
Queensland-Weipa (T)--,52274
Queensland-Whitsunday (R)--,37859
Queensland-Winton (S)--,38880
Queensland-Woorabinda (S)--,27914
Queensland-Wujal Wujal (S)--,33243
Queensland-Yarrabah (S)--,29784
South Australia--,38382
South Australia-Adelaide--,39933
South Australia-Adelaide-Northern Adelaide-,34892
South Australia-Northern Adelaide-Gawler (T),36618
South Australia--Playford (C) - East Central,33749
South Australia--Playford (C) - Elizabeth,29973
South Australia--Playford (C) - Hills,35223
South Australia--Playford (C) - West,33188
South Australia--Playford (C) - West Central,32307
South Australia--Port Adel. Enfield (C) - East,34794
South Australia--Port Adel. Enfield (C) - Inner,33773
South Australia--Salisbury (C) - Central,32234
South Australia--Salisbury (C) - Inner North,32333
South Australia--Salisbury (C) - North-East,34151
South Australia--Salisbury (C) - South-East,35022
South Australia--Salisbury (C) Bal,36253
South Australia--Tea Tree Gully (C) - Central,35898
South Australia--Tea Tree Gully (C) - Hills,37676
South Australia--Tea Tree Gully (C) - North,39982
South Australia--Tea Tree Gully (C) - South,36258
South Australia-Western Adelaide-,37513
South Australia-Western Adelaide-Charles Sturt (C) - Coastal,43271
South Australia--Charles Sturt (C) - Inner East,35925
South Australia--Charles Sturt (C) - Inner West,35758
South Australia--Charles Sturt (C) - North-East,34981
South Australia--Port Adel. Enfield (C) - Coast,37906
South Australia--Port Adel. Enfield (C) - Park,32055
South Australia--Port Adel. Enfield (C) - Port,34041
South Australia--West Torrens (C) - East,37151
South Australia--West Torrens (C) - West,38550
South Australia-Eastern Adelaide-,50753
South Australia-Eastern Adelaide-Adelaide (C),58641
South Australia--Adelaide Hills (DC) - Central,49410
South Australia--Adelaide Hills (DC) - Ranges,44214
South Australia--Burnside (C) - North-East,57579
South Australia--Burnside (C) - South-West,59623
South Australia--Campbelltown (C) - East,37532
South Australia--Campbelltown (C) - West,39207
South Australia--Norw. P'ham St Ptrs (C) - East,42895
South Australia--Norw. P'ham St Ptrs (C) - West,55062
South Australia--Prospect (C),44869
South Australia--Unley (C) - East,58425
South Australia--Unley (C) - West,52141
South Australia--Walkerville (M),65927
South Australia-Southern Adelaide-,38529
South Australia-Southern Adelaide-Holdfast Bay (C) - North,49808
South Australia--Holdfast Bay (C) - South,41007
South Australia--Marion (C) - Central,36258
South Australia--Marion (C) - North,37717
South Australia--Marion (C) - South,36325
South Australia--Mitcham (C) - Hills,42235
South Australia--Mitcham (C) - North-East,58060
South Australia--Mitcham (C) - West,39873
South Australia--Onkaparinga (C) - Hackham,31249
South Australia--Onkaparinga (C) - Hills,37793
South Australia--Onkaparinga (C) - Morphett,32678
South Australia--Onkaparinga (C) - North Coast,31564
South Australia--Onkaparinga (C) - Reservoir,38508
South Australia--Onkaparinga (C) - South Coast,32438
South Australia--Onkaparinga (C) - Woodcroft,35065
South Australia-Outer Adelaide--,35388
South Australia-Outer Adelaide-Barossa-,36294
South Australia-Barossa-Barossa (DC) - Angaston,37352
South Australia--Barossa (DC) - Barossa,35869
South Australia--Barossa (DC) - Tanunda,39178
South Australia--Light (RegC),36028
South Australia--Mallala (DC),34095
South Australia-Kangaroo Island-,29028
South Australia-Kangaroo Island-Kangaroo Island (DC),29028
South Australia-Mt Lofty Ranges-,38358
South Australia-Mt Lofty Ranges-Adelaide Hills (DC) - North,39474
South Australia--Adelaide Hills (DC) Bal,39216
South Australia--Mount Barker (DC) - Central,37561
South Australia--Mount Barker (DC) Bal,38371
South Australia-Fleurieu-,31542
South Australia-Fleurieu-Alexandrina (DC) - Coastal,31116
South Australia--Alexandrina (DC) - Strathalbyn,33588
South Australia--Victor Harbor (C),30488
South Australia--Yankalilla (DC),31123
South Australia-Yorke and Lower North--,30869
South Australia-Yorke and Lower North-Yorke-,30325
South Australia-Yorke-Barunga West (DC),31152
South Australia--Copper Coast (DC),30724
South Australia--Yorke Peninsula (DC) - North,30745
South Australia--Yorke Peninsula (DC) - South,28120
South Australia-Lower North-,31503
South Australia-Lower North-Clare and Gilbert Valleys (DC),33336
South Australia--Goyder (DC),27570
South Australia--Wakefield (DC),31433
South Australia-Murray Lands--,30017
South Australia-Murray Lands-Riverland-,30458
South Australia-Riverland-Berri & Barmera (DC) - Barmera,29478
South Australia--Berri & Barmera (DC) - Berri,32230
South Australia--Loxton Waikerie (DC) - East,30749
South Australia--Loxton Waikerie (DC) - West,30387
South Australia--Mid Murray (DC),28994
South Australia--Renmark Paringa (DC) - Paringa,32375
South Australia--Renmark Paringa (DC) - Renmark,29982
South Australia--Unincorp. Riverland,32098
South Australia-Murray Mallee-,29345
South Australia-Murray Mallee-Karoonda East Murray (DC),26252
South Australia--Murray Bridge (RC),30923
South Australia--Southern Mallee (DC),24923
South Australia--The Coorong (DC),27160
South Australia-South East--,34276
South Australia-South East-Upper South East-,30662
South Australia-Upper South East-Kingston (DC),31565
South Australia--Naracoorte and Lucindale (DC),31216
South Australia--Robe (DC),31826
South Australia--Tatiara (DC),29444
South Australia-Lower South East-,35946
South Australia-Lower South East-Grant (DC),35810
South Australia--Mount Gambier (C),35885
South Australia--Wattle Range (DC) - East,33763
South Australia--Wattle Range (DC) - West,37121
South Australia-Eyre--,32641
South Australia-Eyre-Lincoln-,33073
South Australia-Lincoln-Cleve (DC),28238
South Australia--Elliston (DC),26733
South Australia--Franklin Harbour (DC),31014
South Australia--Kimba (DC),26027
South Australia--Le Hunte (DC),26164
South Australia--Lower Eyre Peninsula (DC),30875
South Australia--Port Lincoln (C),37374
South Australia--Tumby Bay (DC),28604
South Australia-West Coast-,30675
South Australia-West Coast-Ceduna (DC),31486
South Australia--Streaky Bay (DC),28807
South Australia--Unincorp. West Coast,31591
South Australia-Northern--,38000
South Australia-Northern-Whyalla-,41592
South Australia-Whyalla-Whyalla (C),41672
South Australia--Unincorp. Whyalla,32058
South Australia-Pirie-,33218
South Australia-Pirie-Northern Areas (DC),32506
South Australia--Orroroo/Carrieton (DC),26906
South Australia--Peterborough (DC),27766
South Australia--Port Pirie C Dists (M) - City,34659
South Australia--Port Pirie C Dists (M) Bal,33390
South Australia--Unincorp. Pirie,33375
South Australia-Flinders Ranges-,35868
South Australia-Flinders Ranges-Flinders Ranges (DC),32479
South Australia--Mount Remarkable (DC),30406
South Australia--Port Augusta (C),36913
South Australia--Unincorp. Flinders Ranges,41669
South Australia-Far North-,46248
South Australia-Far North-Anangu Pitjantjatjara (AC),32093
South Australia--Coober Pedy (DC),30036
South Australia--Roxby Downs (M),58315
South Australia--Unincorp. Far North,39527
South Australia-Adelaide (C)--,58641
South Australia-Adelaide Hills (DC)--,44117
South Australia-Alexandrina (DC)--,32242
South Australia-Anangu Pitjantjatjara (AC)--,32093
South Australia-Barossa (DC)--,37217
South Australia-Barunga West (DC)--,31152
South Australia-Berri and Barmera (DC)--,31229
South Australia-Burnside (C)--,58598
South Australia-Campbelltown (C)--,38211
South Australia-Ceduna (DC)--,31486
South Australia-Charles Sturt (C)--,38150
South Australia-Clare and Gilbert Valleys (DC)--,33336
South Australia-Cleve (DC)--,28238
South Australia-Coober Pedy (DC)--,30036
South Australia-Copper Coast (DC)--,30724
South Australia-Elliston (DC)--,26733
South Australia-Flinders Ranges (DC)--,32479
South Australia-Franklin Harbour (DC)--,31014
South Australia-Gawler (T)--,36618
South Australia-Goyder (DC)--,27570
South Australia-Grant (DC)--,35810
South Australia-Holdfast Bay (C)--,46133
South Australia-Kangaroo Island (DC)--,29028
South Australia-Karoonda East Murray (DC)--,26252
South Australia-Kimba (DC)--,26027
South Australia-Kingston (DC)--,31565
South Australia-Le Hunte (DC)--,26164
South Australia-Light (RegC)--,36028
South Australia-Lower Eyre Peninsula (DC)--,30875
South Australia-Loxton Waikerie (DC)--,30607
South Australia-Mallala (DC)--,34095
South Australia-Marion (C)--,36718
South Australia-Mid Murray (DC)--,28994
South Australia-Mitcham (C)--,45507
South Australia-Mount Barker (DC)--,37796
South Australia-Mount Gambier (C)--,35885
South Australia-Mount Remarkable (DC)--,30406
South Australia-Murray Bridge (RC)--,30923
South Australia-Naracoorte and Lucindale (DC)--,31216
South Australia-Northern Areas (DC)--,32506
South Australia-Norwood Payneham St Peters (C)--,49707
South Australia-Onkaparinga (C)--,34477
South Australia-Orroroo/Carrieton (DC)--,26906
South Australia-Peterborough (DC)--,27766
South Australia-Playford (C)--,32328
South Australia-Port Adelaide Enfield (C)--,35101
South Australia-Port Augusta (C)--,36913
South Australia-Port Lincoln (C)--,37374
South Australia-Port Pirie City and Dists (M)--,34388
South Australia-Prospect (C)--,44869
South Australia-Renmark Paringa (DC)--,30467
South Australia-Robe (DC)--,31826
South Australia-Roxby Downs (M)--,58315
South Australia-Salisbury (C)--,33879
South Australia-Southern Mallee (DC)--,24923
South Australia-Streaky Bay (DC)--,28807
South Australia-Tatiara (DC)--,29444
South Australia-Tea Tree Gully (C)--,37393
South Australia-The Coorong (DC)--,27160
South Australia-Tumby Bay (DC)--,28604
South Australia-Unley (C)--,55508
South Australia-Victor Harbor (C)--,30488
South Australia-Wakefield (DC)--,31433
South Australia-Walkerville (M)--,65927
South Australia-Wattle Range (DC)--,36154
South Australia-West Torrens (C)--,37928
South Australia-Whyalla (C)--,41672
South Australia-Yankalilla (DC)--,31123
South Australia-Yorke Peninsula (DC)--,29735
South Australia-Unincorporated SA--,37789
Western Australia--,45320
Western Australia-Perth--,46499
Western Australia-Perth-Central Metropolitan-,73038
Western Australia-Central Metropolitan-Cambridge (T),70343
Western Australia--Claremont (T),80636
Western Australia--Cottesloe (T),114321
Western Australia--Mosman Park (T),84185
Western Australia--Nedlands (C),87571
Western Australia--Peppermint Grove (S),116802
Western Australia--Perth (C) - Inner,53469
Western Australia--Perth (C) - Remainder,56858
Western Australia--Subiaco (C),73915
Western Australia--Vincent (T),52789
Western Australia-East Metropolitan-,41962
Western Australia-East Metropolitan-Bassendean (T),40701
Western Australia--Bayswater (C),42238
Western Australia--Kalamunda (S),43494
Western Australia--Mundaring (S),43696
Western Australia--Swan (C),40446
Western Australia-North Metropolitan-,43836
Western Australia-North Metropolitan-Joondalup (C) - North,42219
Western Australia--Joondalup (C) - South,45564
Western Australia--Stirling (C) - Central,41292
Western Australia--Stirling (C) - Coastal,50662
Western Australia--Stirling (C) - South-Eastern,56332
Western Australia--Wanneroo (C) - North-East,41488
Western Australia--Wanneroo (C) - North-West,39057
Western Australia--Wanneroo (C) - South,36636
Western Australia-South West Metropolitan-,46248
Western Australia-South West Metropolitan-Cockburn (C),42609
Western Australia--East Fremantle (T),59576
Western Australia--Fremantle (C) - Inner,49831
Western Australia--Fremantle (C) - Remainder,49061
Western Australia--Kwinana (T),38368
Western Australia--Melville (C),52564
Western Australia--Rockingham (C),41858
Western Australia-South East Metropolitan-,42453
Western Australia-South East Metropolitan-Armadale (C),39362
Western Australia--Belmont (C),40752
Western Australia--Canning (C),41519
Western Australia--Gosnells (C),38803
Western Australia--Serpentine-Jarrahdale (S),44715
Western Australia--South Perth (C),55860
Western Australia--Victoria Park (T),43040
Western Australia-South West--,40974
Western Australia-South West-Mandurah-,42431
Western Australia-Mandurah-Mandurah (C),42420
Western Australia--Murray (S),42481
Western Australia-Bunbury-,42551
Western Australia-Bunbury-Bunbury (C),42384
Western Australia--Capel (S) - Pt A,42169
Western Australia--Dardanup (S) - Pt A,41249
Western Australia--Harvey (S) - Pt A,43970
Western Australia-Preston-,41371
Western Australia-Preston-Boddington (S),48167
Western Australia--Capel (S) - Pt B,39047
Western Australia--Collie (S),44232
Western Australia--Dardanup (S) - Pt B,43226
Western Australia--Donnybrook-Balingup (S),35097
Western Australia--Harvey (S) - Pt B,40131
Western Australia--Waroona (S),45766
Western Australia-Vasse-,38841
Western Australia-Vasse-Augusta-Margaret River (S),34894
Western Australia--Busselton (S),40610
Western Australia-Blackwood-,33958
Western Australia-Blackwood-Boyup Brook (S),32606
Western Australia--Bridgetown-Greenbushes (S),36160
Western Australia--Manjimup (S),33466
Western Australia--Nannup (S),31958
Western Australia-Lower Great Southern--,34481
Western Australia-Lower Great Southern-Pallinup-,32139
Western Australia-Pallinup-Broomehill-Tambellup (S),33088
Western Australia--Gnowangerup (S),30844
Western Australia--Jerramungup (S),30616
Western Australia--Katanning (S),33573
Western Australia--Kent (S),31434
Western Australia--Kojonup (S),31308
Western Australia--Woodanilling (S),31562
Western Australia-King-,35079
Western Australia-King-Albany (C) - Central,36395
Western Australia--Albany (C) Bal,36268
Western Australia--Cranbrook (S),31872
Western Australia--Denmark (S),31753
Western Australia--Plantagenet (S),30421
Western Australia-Upper Great Southern--,34183
Western Australia-Upper Great Southern-Hotham-,34449
Western Australia-Hotham-Brookton (S),36782
Western Australia--Cuballing (S),30562
Western Australia--Dumbleyung (S),30411
Western Australia--Narrogin (T),35844
Western Australia--Narrogin (S),40937
Western Australia--Pingelly (S),36350
Western Australia--Wagin (S),32642
Western Australia--Wandering (S),36322
Western Australia--West Arthur (S),31188
Western Australia--Wickepin (S),28670
Western Australia--Williams (S),35466
Western Australia-Lakes-,33473
Western Australia-Lakes-Corrigin (S),35068
Western Australia--Kondinin (S),32488
Western Australia--Kulin (S),32254
Western Australia--Lake Grace (S),33625
Western Australia-Midlands--,37161
Western Australia-Midlands-Moore-,36377
Western Australia-Moore-Chittering (S),38890
Western Australia--Dandaragan (S),34939
Western Australia--Gingin (S),36156
Western Australia--Moora (S),35557
Western Australia--Victoria Plains (S),33675
Western Australia-Avon-,37568
Western Australia-Avon-Beverley (S),36193
Western Australia--Cunderdin (S),34381
Western Australia--Dalwallinu (S),39532
Western Australia--Dowerin (S),34407
Western Australia--Goomalling (S),35985
Western Australia--Koorda (S),28553
Western Australia--Northam,37060
Western Australia--Northam Town,36853
Western Australia--Quairading (S),40473
Western Australia--Tammin (S),32671
Western Australia--Toodyay (S),39816
Western Australia--Wongan-Ballidu (S),46709
Western Australia--Wyalkatchem (S),35347
Western Australia--York (S),35424
Western Australia-Campion-,37275
Western Australia-Campion-Bruce Rock (S),36272
Western Australia--Kellerberrin (S),32140
Western Australia--Merredin (S),38238
Western Australia--Mount Marshall (S),37917
Western Australia--Mukinbudin (S),29326
Western Australia--Narembeen (S),37082
Western Australia--Nungarin (S),31052
Western Australia--Trayning (S),32688
Western Australia--Westonia (S),39159
Western Australia--Yilgarn (S),45282
Western Australia-South Eastern--,47547
Western Australia-South Eastern-Kalgoorlie/Boulder City Part A-,51632
Western Australia-Kalgoorlie/Boulder City Part A-Kalgoorlie/Boulder (C) - Pt A,51632
Western Australia-Lefroy-,49235
Western Australia-Lefroy-Coolgardie (S),53805
Western Australia--Kalgoorlie/Boulder (C) - Pt B,37773
Western Australia--Laverton (S),39019
Western Australia--Leonora (S),51763
Western Australia--Menzies (S),36097
Western Australia--Ngaanyatjarraku (S),33264
Western Australia-Johnston-,39614
Western Australia-Johnston-Dundas (S),46385
Western Australia--Esperance (S),38172
Western Australia--Ravensthorpe (S),47135
Western Australia-Central--,39200
Western Australia-Central-Geraldton-,40235
Western Australia-Geraldton-Geraldton,40323
Western Australia--Greenough - Pt A,40105
Western Australia-Gascoyne-,39625
Western Australia-Gascoyne-Carnarvon (S),39785
Western Australia--Exmouth (S),41099
Western Australia--Shark Bay (S),35314
Western Australia--Upper Gascoyne (S),34857
Western Australia-Carnegie-,36033
Western Australia-Carnegie-Cue (S),36078
Western Australia--Meekatharra (S),35880
Western Australia--Mount Magnet (S),37808
Western Australia--Murchison (S),35364
Western Australia--Sandstone (S),40271
Western Australia--Wiluna (S),31867
Western Australia--Yalgoo (S),34629
Western Australia-Greenough River-,36874
Western Australia-Greenough River-Carnamah (S),37215
Western Australia--Chapman Valley (S),38136
Western Australia--Coorow (S),36724
Western Australia--Greenough - Pt B,38695
Western Australia--Irwin (S),40629
Western Australia--Mingenew (S),34760
Western Australia--Morawa (S),36167
Western Australia--Mullewa (S),36271
Western Australia--Northampton (S),34417
Western Australia--Perenjori (S),27792
Western Australia--Three Springs (S),34262
Western Australia-Pilbara--,60861
Western Australia-Pilbara-De Grey-,59490
Western Australia-De Grey-East Pilbara (S),59990
Western Australia--Port Hedland (T),59279
Western Australia-Fortescue-,61853
Western Australia-Fortescue-Ashburton (S),61214
Western Australia--Roebourne (S),62069
Western Australia-Kimberley--,43114
Western Australia-Kimberley-Ord-,46072
Western Australia-Ord-Halls Creek (S),37472
Western Australia--Wyndham-East Kimberley (S),47473
Western Australia-Fitzroy-,41871
Western Australia-Fitzroy-Broome (S),42958
Western Australia--Derby-West Kimberley (S),38099
Western Australia-Albany (C)--,36332
Western Australia-Armadale (C)--,39362
Western Australia-Ashburton (S)--,61214
Western Australia-Augusta-Margaret River (S)--,34894
Western Australia-Bassendean (T)--,40701
Western Australia-Bayswater (C)--,42238
Western Australia-Belmont (C)--,40752
Western Australia-Beverley (S)--,36193
Western Australia-Boddington (S)--,48167
Western Australia-Boyup Brook (S)--,32606
Western Australia-Bridgetown-Greenbushes (S)--,36160
Western Australia-Brookton (S)--,36782
Western Australia-Broome (S)--,42958
Western Australia-Broomehill-Tambellup (S)--,33088
Western Australia-Bruce Rock (S)--,36272
Western Australia-Bunbury (C)--,42384
Western Australia-Busselton (S)--,40610
Western Australia-Cambridge (T)--,70343
Western Australia-Canning (C)--,41519
Western Australia-Capel (S)--,40931
Western Australia-Carnamah (S)--,37215
Western Australia-Carnarvon (S)--,39785
Western Australia-Chapman Valley (S)--,38136
Western Australia-Chittering (S)--,38890
Western Australia-Claremont (T)--,80636
Western Australia-Cockburn (C)--,42609
Western Australia-Collie (S)--,44232
Western Australia-Coolgardie (S)--,53805
Western Australia-Coorow (S)--,36724
Western Australia-Corrigin (S)--,35068
Western Australia-Cottesloe (T)--,114321
Western Australia-Cranbrook (S)--,31872
Western Australia-Cuballing (S)--,30562
Western Australia-Cue (S)--,36078
Western Australia-Cunderdin (S)--,34381
Western Australia-Dalwallinu (S)--,39532
Western Australia-Dandaragan (S)--,34939
Western Australia-Dardanup (S)--,41740
Western Australia-Denmark (S)--,31753
Western Australia-Derby-West Kimberley (S)--,38099
Western Australia-Donnybrook-Balingup (S)--,35097
Western Australia-Dowerin (S)--,34407
Western Australia-Dumbleyung (S)--,30411
Western Australia-Dundas (S)--,46385
Western Australia-East Fremantle (T)--,59576
Western Australia-East Pilbara (S)--,59990
Western Australia-Esperance (S)--,38172
Western Australia-Exmouth (S)--,41099
Western Australia-Fremantle (C)--,49087
Western Australia-Geraldton-Greenough (C)--,40178
Western Australia-Gingin (S)--,36156
Western Australia-Gnowangerup (S)--,30844
Western Australia-Goomalling (S)--,35985
Western Australia-Gosnells (C)--,38803
Western Australia-Halls Creek (S)--,37472
Western Australia-Harvey (S)--,42513
Western Australia-Irwin (S)--,40629
Western Australia-Jerramungup (S)--,30616
Western Australia-Joondalup (C)--,44501
Western Australia-Kalamunda (S)--,43494
Western Australia-Kalgoorlie/Boulder (C)--,51563
Western Australia-Katanning (S)--,33573
Western Australia-Kellerberrin (S)--,32140
Western Australia-Kent (S)--,31434
Western Australia-Kojonup (S)--,31308
Western Australia-Kondinin (S)--,32488
Western Australia-Koorda (S)--,28553
Western Australia-Kulin (S)--,32254
Western Australia-Kwinana (T)--,38368
Western Australia-Lake Grace (S)--,33625
Western Australia-Laverton (S)--,39019
Western Australia-Leonora (S)--,51763
Western Australia-Mandurah (C)--,42420
Western Australia-Manjimup (S)--,33466
Western Australia-Meekatharra (S)--,35880
Western Australia-Melville (C)--,52564
Western Australia-Menzies (S)--,36097
Western Australia-Merredin (S)--,38238
Western Australia-Mingenew (S)--,34760
Western Australia-Moora (S)--,35557
Western Australia-Morawa (S)--,36167
Western Australia-Mosman Park (T)--,84185
Western Australia-Mount Magnet (S)--,37808
Western Australia-Mount Marshall (S)--,37917
Western Australia-Mukinbudin (S)--,29326
Western Australia-Mullewa (S)--,36271
Western Australia-Mundaring (S)--,43696
Western Australia-Murchison (S)--,35364
Western Australia-Murray (S)--,42481
Western Australia-Nannup (S)--,31958
Western Australia-Narembeen (S)--,37082
Western Australia-Narrogin (T)--,35844
Western Australia-Narrogin (S)--,40937
Western Australia-Nedlands (C)--,87571
Western Australia-Ngaanyatjarraku (S)--,33264
Western Australia-Northam (S)--,36944
Western Australia-Northampton (S)--,34417
Western Australia-Nungarin (S)--,31052
Western Australia-Peppermint Grove (S)--,116802
Western Australia-Perenjori (S)--,27792
Western Australia-Perth (C)--,56520
Western Australia-Pingelly (S)--,36350
Western Australia-Plantagenet (S)--,30421
Western Australia-Port Hedland (T)--,59279
Western Australia-Quairading (S)--,40473
Western Australia-Ravensthorpe (S)--,47135
Western Australia-Rockingham (C)--,41858
Western Australia-Roebourne (S)--,62069
Western Australia-Sandstone (S)--,40271
Western Australia-Serpentine-Jarrahdale (S)--,44715
Western Australia-Shark Bay (S)--,35314
Western Australia-South Perth (C)--,55860
Western Australia-Stirling (C)--,46258
Western Australia-Subiaco (C)--,73915
Western Australia-Swan (C)--,40446
Western Australia-Tammin (S)--,32671
Western Australia-Three Springs (S)--,34262
Western Australia-Toodyay (S)--,39816
Western Australia-Trayning (S)--,32688
Western Australia-Upper Gascoyne (S)--,34857
Western Australia-Victoria Park (T)--,43040
Western Australia-Victoria Plains (S)--,33675
Western Australia-Vincent (T)--,52789
Western Australia-Wagin (S)--,32642
Western Australia-Wandering (S)--,36322
Western Australia-Wanneroo (C)--,38956
Western Australia-Waroona (S)--,45766
Western Australia-West Arthur (S)--,31188
Western Australia-Westonia (S)--,39159
Western Australia-Wickepin (S)--,28670
Western Australia-Williams (S)--,35466
Western Australia-Wiluna (S)--,31867
Western Australia-Wongan-Ballidu (S)--,46709
Western Australia-Woodanilling (S)--,31562
Western Australia-Wyalkatchem (S)--,35347
Western Australia-Wyndham-East Kimberley (S)--,47473
Western Australia-Yalgoo (S)--,34629
Western Australia-Yilgarn (S)--,45282
Western Australia-York (S)--,35424
Tasmania--,36020
Tasmania-Greater Hobart--,38562
Tasmania-Greater Hobart-Greater Hobart-,38562
Tasmania-Greater Hobart-Brighton (M),33197
Tasmania--Clarence (C),37610
Tasmania--Derwent Valley (M) - Pt A,31961
Tasmania--Glenorchy (C),32719
Tasmania--Hobart (C) - Inner,44855
Tasmania--Hobart (C) - Remainder,46676
Tasmania--Kingborough (M) - Pt A,38778
Tasmania--Sorell (M) - Pt A,33074
Tasmania-Southern--,30904
Tasmania-Southern-Southern-,30904
Tasmania-Southern-Central Highlands (M),31703
Tasmania--Derwent Valley (M) - Pt B,32108
Tasmania--Glamorgan/Spring Bay (M),30118
Tasmania--Huon Valley (M),31780
Tasmania--Kingborough (M) - Pt B,32551
Tasmania--Sorell (M) - Pt B,30217
Tasmania--Southern Midlands (M),29207
Tasmania--Tasman (M),26709
Tasmania-Northern--,34838
Tasmania-Northern-Greater Launceston-,36186
Tasmania-Greater Launceston-George Town (M) - Pt A,34126
Tasmania--Launceston (C) - Inner,38819
Tasmania--Launceston (C) - Pt B,36104
Tasmania--Meander Valley (M) - Pt A,37776
Tasmania--Northern Midlands (M) - Pt A,35271
Tasmania--West Tamar (M) - Pt A,36503
Tasmania-Central North-,32036
Tasmania-Central North-George Town (M) - Pt B,35852
Tasmania--Launceston (C) - Pt C,32811
Tasmania--Meander Valley (M) - Pt B,31161
Tasmania--Northern Midlands (M) - Pt B,31859
Tasmania--West Tamar (M) - Pt B,33600
Tasmania-North Eastern-,29085
Tasmania-North Eastern-Break O'Day (M),28514
Tasmania--Dorset (M),29160
Tasmania--Flinders (M),31897
Tasmania-Mersey-Lyell--,34129
Tasmania-Mersey-Lyell-Burnie-Devonport-,34171
Tasmania-Burnie-Devonport-Burnie (C) - Pt A,35346
Tasmania--Central Coast (M) - Pt A,33263
Tasmania--Devonport (C),34095
Tasmania--Latrobe (M) - Pt A,35083
Tasmania--Waratah/Wynyard (M) - Pt A,33239
Tasmania-North Western Rural-,33003
Tasmania-North Western Rural-Burnie (C) - Pt B,33256
Tasmania--Central Coast (M) - Pt B,33346
Tasmania--Circular Head (M),33865
Tasmania--Kentish (M),29710
Tasmania--King Island (M),37190
Tasmania--Latrobe (M) - Pt B,35135
Tasmania--Waratah/Wynyard (M) - Pt B,33012
Tasmania-Lyell-,39384
Tasmania-Lyell-West Coast (M),39384
Tasmania-Break O'Day (M)--,28514
Tasmania-Brighton (M)--,33197
Tasmania-Burnie (C)--,35136
Tasmania-Central Coast (M)--,33275
Tasmania-Central Highlands (M)--,31703
Tasmania-Circular Head (M)--,33865
Tasmania-Clarence (C)--,37610
Tasmania-Derwent Valley (M)--,32007
Tasmania-Devonport (C)--,34095
Tasmania-Dorset (M)--,29160
Tasmania-Flinders (M)--,31897
Tasmania-George Town (M)--,34457
Tasmania-Glamorgan/Spring Bay (M)--,30118
Tasmania-Glenorchy (C)--,32719
Tasmania-Hobart (C)--,46642
Tasmania-Huon Valley (M)--,31780
Tasmania-Kentish (M)--,29710
Tasmania-King Island (M)--,37190
Tasmania-Kingborough (M)--,38222
Tasmania-Latrobe (M)--,35088
Tasmania-Launceston (C)--,35955
Tasmania-Meander Valley (M)--,34328
Tasmania-Northern Midlands (M)--,33999
Tasmania-Sorell (M)--,32785
Tasmania-Southern Midlands (M)--,29207
Tasmania-Tasman (M)--,26709
Tasmania-Waratah/Wynyard (M)--,33197
Tasmania-West Coast (M)--,39384
Tasmania-West Tamar (M)--,36257
Northern Territory--,43250
Northern Territory-Darwin--,45276
Northern Territory-Darwin-Darwin City-,46434
Northern Territory-Darwin City-Alawa,43616
Northern Territory--Anula,43199
Northern Territory--Bayview-Woolner,53927
Northern Territory--Brinkin,43683
Northern Territory--City - Inner,45382
Northern Territory--Coconut Grove,43592
Northern Territory--Fannie Bay,53929
Northern Territory--Jingili,43653
Northern Territory--Karama,43143
Northern Territory--Larrakeyah,53362
Northern Territory--Leanyer,43303
Northern Territory--Lee Point-Leanyer Swamp,43535
Northern Territory--Ludmilla,53901
Northern Territory--Malak,43229
Northern Territory--Marrara,43375
Northern Territory--Millner,43623
Northern Territory--Moil,43668
Northern Territory--Nakara,43774
Northern Territory--Narrows,54140
Northern Territory--Nightcliff,43637
Northern Territory--Parap,53801
Northern Territory--Rapid Creek,43631
Northern Territory--Stuart Park,53185
Northern Territory--The Gardens,54004
Northern Territory--Tiwi,43605
Northern Territory--Wagaman,43622
Northern Territory--Wanguri,43654
Northern Territory--Winnellie,53959
Northern Territory--Wulagi,43229
Northern Territory--City - Remainder,54949
Northern Territory-Palmerston-East Arm-,43002
Northern Territory-Palmerston-East Arm-East Arm,27574
Northern Territory--Bakewell,44839
Northern Territory--Driver,42451
Northern Territory--Durack,42414
Northern Territory--Gray,42420
Northern Territory--Gunn-Palmerston City,44741
Northern Territory--Moulden,42407
Northern Territory--Woodroffe,42496
Northern Territory--Palmerston (C) Bal,43721
Northern Territory-Litchfield Shire-,43649
Northern Territory-Litchfield Shire-Litchfield (S) - Pt A,50196
Northern Territory--Litchfield (S) - Pt B,43029
Northern Territory-Northern Territory - Bal--,39374
Northern Territory-Northern Territory - Bal-Finniss-,34138
Northern Territory-Finniss-Belyuen (S),27074
Northern Territory--Coomalie (S),36497
Northern Territory--Finniss-Mary,30999
Northern Territory--Wagait (S),27656
Northern Territory-Bathurst-Melville-,27471
Northern Territory-Bathurst-Melville-Tiwi Islands (S),27471
Northern Territory-Alligator-,42177
Northern Territory-Alligator-West Arnhem (S) - Jabiru,49738
Northern Territory--West Arnhem (S) Bal,39398
Northern Territory-East Arnhem-,49236
Northern Territory-East Arnhem-Alyangula,57355
Northern Territory--East Arnhem (S),43596
Northern Territory--Nhulunbuy,55680
Northern Territory-Lower Top End NT-,38237
Northern Territory-Lower Top End NT-Katherine (T),43259
Northern Territory--Roper Gulf (S),32369
Northern Territory--Victoria-Daly (S) - Wadeye and OS,27440
Northern Territory--Victoria-Daly (S) Bal,32171
Northern Territory-Barkly-,35899
Northern Territory-Barkly-Barkly (S) - Tennant Creek,35441
Northern Territory--Barkly (S) Bal,36319
Northern Territory-Central NT-,38145
Northern Territory-Central NT-Alice Springs (T) - Charles,40099
Northern Territory--Alice Springs (T) - Heavitree,40096
Northern Territory--Alice Springs (T) - Larapinta,40108
Northern Territory--Alice Springs (T) - Ross,40101
Northern Territory--Alice Springs (T) - Stuart,40122
Northern Territory--Central Desert (S),33791
Northern Territory--MacDonnell (S),31185
Northern Territory--Yulara,33129
Northern Territory-Alice Springs (T)--,40104
Northern Territory-Barkly (S)--,35899
Northern Territory-Belyuen (S)--,27074
Northern Territory-Central Desert (S)--,33791
Northern Territory-Coomalie (S)--,36497
Northern Territory-Darwin (C)--,46434
Northern Territory-East Arnhem (S)--,43596
Northern Territory-Katherine (T)--,43259
Northern Territory-Litchfield (S)--,43649
Northern Territory-MacDonnell (S)--,31185
Northern Territory-Palmerston (C)--,43103
Northern Territory-Roper Gulf (S)--,32369
Northern Territory-Tiwi Islands (S)--,27471
Northern Territory-Victoria-Daly (S)--,30809
Northern Territory-Wagait (S)--,27656
Northern Territory-West Arnhem (S)--,42177
Northern Territory-Unincorporated NT--,49221
Australian Capital Territory--,49834
Australian Capital Territory-Canberra--,49845
Australian Capital Territory-Canberra-North Canberra-,51537
Australian Capital Territory-North Canberra-Acton,26978
Australian Capital Territory--Ainslie,50117
Australian Capital Territory--Braddon,52802
Australian Capital Territory--Campbell,52827
Australian Capital Territory--City,48823
Australian Capital Territory--Dickson,49992
Australian Capital Territory--Downer,49983
Australian Capital Territory--Duntroon,72812
Australian Capital Territory--Hackett,50008
Australian Capital Territory--Lyneham,50000
Australian Capital Territory--Majura,66491
Australian Capital Territory--O'Connor,50117
Australian Capital Territory--Reid,52841
Australian Capital Territory--Turner,52816
Australian Capital Territory--Watson,49997
Australian Capital Territory-Belconnen-,45700
Australian Capital Territory-Belconnen-Aranda,49565
Australian Capital Territory--Belconnen Town Centre,45959
Australian Capital Territory--Bruce,45866
Australian Capital Territory--Charnwood,43707
Australian Capital Territory--Cook,49576
Australian Capital Territory--Dunlop,43726
Australian Capital Territory--Evatt,45873
Australian Capital Territory--Florey,43726
Australian Capital Territory--Flynn,43718
Australian Capital Territory--Fraser,43719
Australian Capital Territory--Giralang,45864
Australian Capital Territory--Hawker,49596
Australian Capital Territory--Higgins,43707
Australian Capital Territory--Holt,43728
Australian Capital Territory--Kaleen,45828
Australian Capital Territory--Latham,43728
Australian Capital Territory--McKellar,45846
Australian Capital Territory--Macgregor,43716
Australian Capital Territory--Macquarie,49590
Australian Capital Territory--Melba,43721
Australian Capital Territory--Page,49575
Australian Capital Territory--Scullin,49577
Australian Capital Territory--Spence,43720
Australian Capital Territory--Weetangera,49592
Australian Capital Territory-Woden Valley-,54068
Australian Capital Territory-Woden Valley-Chifley,51861
Australian Capital Territory--Curtin,57549
Australian Capital Territory--Farrer,52444
Australian Capital Territory--Garran,57524
Australian Capital Territory--Hughes,57547
Australian Capital Territory--Isaacs,52447
Australian Capital Territory--Lyons,51870
Australian Capital Territory--Mawson,52450
Australian Capital Territory--O'Malley,51938
Australian Capital Territory--Pearce,52444
Australian Capital Territory--Phillip,51844
Australian Capital Territory--Torrens,52412
Australian Capital Territory-Weston Creek-Stromlo-,50139
Australian Capital Territory-Weston Creek-Stromlo-Chapman,50138
Australian Capital Territory--Duffy,50151
Australian Capital Territory--Fisher,50163
Australian Capital Territory--Holder,50148
Australian Capital Territory--Rivett,50152
Australian Capital Territory--Stirling,50170
Australian Capital Territory--Waramanga,50142
Australian Capital Territory--Weston,50144
Australian Capital Territory-Tuggeranong-,46054
Australian Capital Territory-Tuggeranong-Banks,46350
Australian Capital Territory--Bonython,43906
Australian Capital Territory--Calwell,43922
Australian Capital Territory--Chisholm,43899
Australian Capital Territory--Conder,46333
Australian Capital Territory--Fadden,49311
Australian Capital Territory--Gilmore,43919
Australian Capital Territory--Gordon,46342
Australian Capital Territory--Gowrie,49324
Australian Capital Territory--Greenway,47731
Australian Capital Territory--Isabella Plains,43912
Australian Capital Territory--Kambah,46455
Australian Capital Territory--Macarthur,49344
Australian Capital Territory--Monash,49305
Australian Capital Territory--Oxley,46098
Australian Capital Territory--Richardson,43905
Australian Capital Territory--Theodore,43912
Australian Capital Territory--Wanniassa,46104
Australian Capital Territory-South Canberra-,68355
Australian Capital Territory-South Canberra-Barton,72678
Australian Capital Territory--Deakin,72815
Australian Capital Territory--Forrest,77866
Australian Capital Territory--Griffith,75914
Australian Capital Territory--Kingston,58733
Australian Capital Territory--Narrabundah,58718
Australian Capital Territory--Oaks Estate,45212
Australian Capital Territory--Pialligo,48596
Australian Capital Territory--Red Hill,77841
Australian Capital Territory--Symonston,48398
Australian Capital Territory--Yarralumla,72706
Australian Capital Territory-Gungahlin-Hall-,48846
Australian Capital Territory-Gungahlin-Hall-Amaroo,49123
Australian Capital Territory--Gungahlin,46760
Australian Capital Territory--Hall,55885
Australian Capital Territory--Harrison,48176
Australian Capital Territory--Ngunnawal,49064
Australian Capital Territory--Nicholls,49061
Australian Capital Territory--Palmerston,49051
Australian Capital Territory-Australian Capital Territory - Bal--,46706
Australian Capital Territory-Australian Capital Territory - Bal-Australian Capital Territory - Bal-,46706
Australian Capital Territory-Australian Capital Territory - Bal-Remainder of ACT,46706
Australian Capital Territory-Unincorporated ACT--,49843
